High,Low,Open,Close,Volume,Adj Close,Return,Date,Week_Number,Year,Day,Weekday,mean_return,volatility
25.139999389648438,24.010000228881836,24.079999923706055,24.959999084472656,71836300.0,23.550765991210938,0.0,2019-01-02,00,2019,2,Wednesday,0.85,2.9706495922609246
25.040000915527344,24.450000762939453,24.940000534057617,24.559999465942383,66599600.0,23.173349380493164,-1.603,2019-01-03,00,2019,3,Thursday,0.85,2.9706495922609246
25.649999618530273,25.030000686645508,25.100000381469727,25.579999923706055,83829100.0,24.135759353637695,4.153,2019-01-04,00,2019,4,Friday,0.85,2.9706495922609246
25.780000686645508,25.290000915527344,25.559999465942383,25.559999465942383,57016300.0,24.11688804626465,-0.078,2019-01-07,01,2019,7,Monday,0.35119999999999996,0.6635519572723751
25.790000915527344,25.09000015258789,25.719999313354492,25.510000228881836,67339400.0,24.069713592529297,-0.196,2019-01-08,01,2019,8,Tuesday,0.35119999999999996,0.6635519572723751
25.850000381469727,25.389999389648438,25.670000076293945,25.760000228881836,69707200.0,24.30559730529785,0.98,2019-01-09,01,2019,9,Wednesday,0.35119999999999996,0.6635519572723751
25.780000686645508,25.420000076293945,25.559999465942383,25.729999542236328,65235800.0,24.277294158935547,-0.116,2019-01-10,01,2019,10,Thursday,0.35119999999999996,0.6635519572723751
26.040000915527344,25.459999084472656,25.530000686645508,26.030000686645508,63476000.0,24.560354232788086,1.166,2019-01-11,01,2019,11,Friday,0.35119999999999996,0.6635519572723751
26.479999542236328,25.610000610351562,25.770000457763672,26.3700008392334,76715400.0,24.88115692138672,1.306,2019-01-14,02,2019,14,Monday,2.4223999999999997,2.682606810548277
26.809999465942383,26.049999237060547,26.209999084472656,26.549999237060547,80625500.0,25.050994873046875,0.683,2019-01-15,02,2019,15,Tuesday,2.4223999999999997,2.682606810548277
28.719999313354492,27.860000610351562,28.1299991607666,28.450000762939453,163131700.0,26.84372329711914,7.156,2019-01-16,02,2019,16,Wednesday,2.4223999999999997,2.682606810548277
29.0,28.09000015258789,28.34000015258789,28.989999771118164,107428800.0,27.353233337402344,1.898,2019-01-17,02,2019,17,Thursday,2.4223999999999997,2.682606810548277
29.459999084472656,28.709999084472656,29.020000457763672,29.299999237060547,97928200.0,27.64573097229004,1.069,2019-01-18,02,2019,18,Friday,2.4223999999999997,2.682606810548277
29.299999237060547,28.889999389648438,28.979999542236328,29.09000015258789,84861400.0,27.44759178161621,-0.717,2019-01-22,03,2019,22,Tuesday,0.24275000000000005,1.137278146863525
29.280000686645508,28.6200008392334,29.219999313354492,28.920000076293945,79425900.0,27.28718376159668,-0.584,2019-01-23,03,2019,23,Wednesday,0.24275000000000005,1.137278146863525
29.200000762939453,28.739999771118164,28.75,29.079999923706055,59492300.0,27.438152313232422,0.553,2019-01-24,03,2019,24,Thursday,0.24275000000000005,1.137278146863525
29.719999313354492,29.139999389648438,29.280000686645508,29.579999923706055,72182100.0,27.909923553466797,1.719,2019-01-25,03,2019,25,Friday,0.24275000000000005,1.137278146863525
29.670000076293945,29.290000915527344,29.31999969482422,29.6299991607666,59963800.0,27.95709800720215,0.169,2019-01-28,04,2019,28,Monday,-0.8220000000000001,0.8444101491573867
29.700000762939453,29.34000015258789,29.540000915527344,29.389999389648438,51451900.0,27.730649948120117,-0.81,2019-01-29,04,2019,29,Tuesday,-0.8220000000000001,0.8444101491573867
29.469999313354492,28.950000762939453,29.420000076293945,29.06999969482422,66475800.0,27.42871856689453,-1.089,2019-01-30,04,2019,30,Wednesday,-0.8220000000000001,0.8444101491573867
28.84000015258789,27.979999542236328,28.75,28.469999313354492,100201200.0,26.862590789794922,-2.064,2019-01-31,04,2019,31,Thursday,-0.8220000000000001,0.8444101491573867
28.84000015258789,28.309999465942383,28.600000381469727,28.3799991607666,64244100.0,26.777671813964844,-0.316,2019-02-01,04,2019,1,Friday,-0.8220000000000001,0.8444101491573867
28.969999313354492,28.420000076293945,28.469999313354492,28.8799991607666,55195900.0,27.24944305419922,1.762,2019-02-04,05,2019,4,Monday,-0.05739999999999999,1.2429729683303656
28.8799991607666,28.56999969482422,28.850000381469727,28.780000686645508,46622600.0,27.15509033203125,-0.346,2019-02-05,05,2019,5,Tuesday,-0.05739999999999999,1.2429729683303656
28.899999618530273,28.540000915527344,28.670000076293945,28.729999542236328,35606900.0,27.1079158782959,-0.174,2019-02-06,05,2019,6,Wednesday,-0.05739999999999999,1.2429729683303656
28.639999389648438,27.899999618530273,28.540000915527344,28.239999771118164,62289200.0,26.64557456970215,-1.706,2019-02-07,05,2019,7,Thursday,-0.05739999999999999,1.2429729683303656
28.31999969482422,27.860000610351562,28.149999618530273,28.290000915527344,50031300.0,26.69275665283203,0.177,2019-02-08,05,2019,8,Friday,-0.05739999999999999,1.2429729683303656
28.459999084472656,28.209999084472656,28.34000015258789,28.40999984741211,47724400.0,26.805980682373047,0.424,2019-02-11,06,2019,11,Monday,0.5801999999999999,1.3292603958592915
28.860000610351562,28.579999923706055,28.6200008392334,28.690000534057617,49178100.0,27.070171356201172,0.986,2019-02-12,06,2019,12,Tuesday,0.5801999999999999,1.3292603958592915
28.989999771118164,28.65999984741211,28.8700008392334,28.700000762939453,48951200.0,27.079608917236328,0.035,2019-02-13,06,2019,13,Wednesday,0.5801999999999999,1.3292603958592915
28.6200008392334,28.110000610351562,28.360000610351562,28.389999389648438,47756600.0,26.787109375,-1.08,2019-02-14,06,2019,14,Thursday,0.5801999999999999,1.3292603958592915
29.309999465942383,28.670000076293945,28.760000228881836,29.110000610351562,65867000.0,27.466459274291992,2.536,2019-02-15,06,2019,15,Friday,0.5801999999999999,1.3292603958592915
29.260000228881836,28.75,28.93000030517578,29.1299991607666,40841300.0,27.485328674316406,0.069,2019-02-19,07,2019,19,Tuesday,-0.023749999999999966,0.731796590590582
29.450000762939453,29.010000228881836,29.100000381469727,29.40999984741211,42806300.0,27.7495174407959,0.961,2019-02-20,07,2019,20,Wednesday,-0.023749999999999966,0.731796590590582
29.450000762939453,29.110000610351562,29.329999923706055,29.290000915527344,42754100.0,27.636295318603516,-0.408,2019-02-21,07,2019,21,Thursday,-0.023749999999999966,0.731796590590582
29.270000457763672,28.959999084472656,29.049999237060547,29.079999923706055,47887800.0,27.438152313232422,-0.717,2019-02-22,07,2019,22,Friday,-0.023749999999999966,0.731796590590582
29.59000015258789,29.1200008392334,29.1200008392334,29.270000457763672,61227400.0,27.617427825927734,0.653,2019-02-25,08,2019,25,Monday,0.262,0.778892803921053
29.6299991607666,28.959999084472656,29.020000457763672,29.290000915527344,53153200.0,27.636295318603516,0.068,2019-02-26,08,2019,26,Tuesday,0.262,0.778892803921053
29.670000076293945,29.209999084472656,29.299999237060547,29.530000686645508,48128600.0,27.86274528503418,0.819,2019-02-27,08,2019,27,Wednesday,0.262,0.778892803921053
29.549999237060547,29.010000228881836,29.5,29.079999923706055,62358100.0,27.57823944091797,-1.021,2019-02-28,08,2019,28,Thursday,0.262,0.778892803921053
29.649999618530273,29.209999084472656,29.329999923706055,29.309999465942383,45771500.0,27.796363830566406,0.791,2019-03-01,08,2019,1,Friday,0.262,0.778892803921053
29.540000915527344,28.770000457763672,29.329999923706055,29.030000686645508,56893200.0,27.530820846557617,-0.955,2019-03-04,09,2019,4,Monday,-0.4528,0.6579572174541441
29.190000534057617,28.700000762939453,29.020000457763672,29.079999923706055,39932500.0,27.57823944091797,0.172,2019-03-05,09,2019,5,Tuesday,-0.4528,0.6579572174541441
29.15999984741211,28.799999237060547,29.010000228881836,28.84000015258789,41672000.0,27.350635528564453,-0.825,2019-03-06,09,2019,6,Wednesday,-0.4528,0.6579572174541441
28.719999313354492,28.260000228881836,28.670000076293945,28.549999237060547,53908600.0,27.07560920715332,-1.006,2019-03-07,09,2019,7,Thursday,-0.4528,0.6579572174541441
28.670000076293945,28.010000228881836,28.059999465942383,28.649999618530273,40860700.0,27.17044448852539,0.35,2019-03-08,09,2019,8,Friday,-0.4528,0.6579572174541441
29.059999465942383,28.700000762939453,28.700000762939453,28.940000534057617,40709300.0,27.44546890258789,1.012,2019-03-11,10,2019,11,Monday,0.4516,0.7241134579608364
29.1200008392334,28.889999389648438,29.0,28.940000534057617,34450000.0,27.44546890258789,0.0,2019-03-12,10,2019,12,Tuesday,0.4516,0.7241134579608364
29.510000228881836,28.979999542236328,29.049999237060547,29.290000915527344,54683300.0,27.77739143371582,1.209,2019-03-13,10,2019,13,Wednesday,0.4516,0.7241134579608364
29.639999389648438,29.239999771118164,29.309999465942383,29.459999084472656,45219100.0,27.93861198425293,0.58,2019-03-14,10,2019,14,Thursday,0.4516,0.7241134579608364
29.610000610351562,29.260000228881836,29.440000534057617,29.299999237060547,82346200.0,27.786876678466797,-0.543,2019-03-15,10,2019,15,Friday,0.4516,0.7241134579608364
29.959999084472656,29.329999923706055,29.3799991607666,29.81999969482422,58568600.0,28.28002166748047,1.775,2019-03-18,11,2019,18,Monday,-1.5918,2.3571998642457115
30.139999389648438,29.540000915527344,30.010000228881836,29.649999618530273,55455100.0,28.11880111694336,-0.57,2019-03-19,11,2019,19,Tuesday,-1.5918,2.3571998642457115
29.65999984741211,28.600000381469727,29.6200008392334,28.639999389648438,81689900.0,27.160959243774414,-3.406,2019-03-20,11,2019,20,Wednesday,-1.5918,2.3571998642457115
28.600000381469727,28.040000915527344,28.450000762939453,28.18000030517578,77444400.0,26.72471809387207,-1.606,2019-03-21,11,2019,21,Thursday,-1.5918,2.3571998642457115
28.06999969482422,26.709999084472656,27.90999984741211,27.010000228881836,118851600.0,25.615137100219727,-4.152,2019-03-22,11,2019,22,Friday,-1.5918,2.3571998642457115
27.3799991607666,26.610000610351562,26.90999984741211,26.84000015258789,65568000.0,25.453916549682617,-0.629,2019-03-25,12,2019,25,Monday,0.4298,0.9935274027423703
27.350000381469727,26.8799991607666,27.149999618530273,27.209999084472656,59878500.0,25.804811477661133,1.379,2019-03-26,12,2019,26,Tuesday,0.4298,0.9935274027423703
27.3700008392334,26.950000762939453,27.09000015258789,27.030000686645508,57621700.0,25.63410758972168,-0.662,2019-03-27,12,2019,27,Wednesday,0.4298,0.9935274027423703
27.40999984741211,27.020000457763672,27.200000762939453,27.329999923706055,45872300.0,25.918611526489258,1.11,2019-03-28,12,2019,28,Thursday,0.4298,0.9935274027423703
27.68000030517578,27.299999237060547,27.549999237060547,27.59000015258789,83446300.0,26.165185928344727,0.951,2019-03-29,12,2019,29,Friday,0.4298,0.9935274027423703
28.739999771118164,27.850000381469727,27.899999618530273,28.540000915527344,91751100.0,27.06612777709961,3.443,2019-04-01,13,2019,1,Monday,1.066,1.477569456912263
28.8700008392334,28.350000381469727,28.469999313354492,28.8700008392334,66694000.0,27.37908363342285,1.156,2019-04-02,13,2019,2,Tuesday,1.066,1.477569456912263
29.239999771118164,28.700000762939453,29.06999969482422,28.84000015258789,63110600.0,27.350635528564453,-0.104,2019-04-03,13,2019,3,Wednesday,1.066,1.477569456912263
29.309999465942383,28.84000015258789,28.850000381469727,29.149999618530273,53712100.0,27.644622802734375,1.075,2019-04-04,13,2019,4,Thursday,1.066,1.477569456912263
29.5,28.979999542236328,29.31999969482422,29.079999923706055,46383400.0,27.57823944091797,-0.24,2019-04-05,13,2019,5,Friday,1.066,1.477569456912263
29.200000762939453,28.8700008392334,28.889999389648438,29.170000076293945,35272800.0,27.663591384887695,0.309,2019-04-08,14,2019,8,Monday,0.7512,1.7959926781587947
29.06999969482422,28.739999771118164,29.0,28.889999389648438,40535300.0,27.39805030822754,-0.96,2019-04-09,14,2019,9,Tuesday,0.7512,1.7959926781587947
29.149999618530273,28.75,28.899999618530273,29.06999969482422,42669700.0,27.568756103515625,0.623,2019-04-10,14,2019,10,Wednesday,0.7512,1.7959926781587947
29.489999771118164,28.989999771118164,29.25,29.06999969482422,50440100.0,27.568756103515625,0.0,2019-04-11,14,2019,11,Thursday,0.7512,1.7959926781587947
30.219999313354492,29.559999465942383,29.559999465942383,30.170000076293945,100192000.0,28.611948013305664,3.784,2019-04-12,14,2019,12,Friday,0.7512,1.7959926781587947
30.139999389648438,29.65999984741211,30.100000381469727,29.84000015258789,57438800.0,28.298988342285156,-1.094,2019-04-15,15,2019,15,Monday,-0.11450000000000002,0.6866233805126845
30.049999237060547,29.0,29.299999237060547,29.8799991607666,105168400.0,28.336923599243164,0.134,2019-04-16,15,2019,16,Tuesday,-0.11450000000000002,0.6866233805126845
30.1200008392334,29.459999084472656,29.829999923706055,30.030000686645508,94831600.0,28.47917938232422,0.502,2019-04-17,15,2019,17,Wednesday,-0.11450000000000002,0.6866233805126845
30.15999984741211,29.81999969482422,29.950000762939453,30.030000686645508,61796600.0,28.47917938232422,0.0,2019-04-18,15,2019,18,Thursday,-0.11450000000000002,0.6866233805126845
30.100000381469727,29.780000686645508,29.93000030517578,30.049999237060547,34763400.0,28.49814224243164,0.067,2019-04-22,16,2019,22,Monday,0.2132,0.40486627421903154
30.209999084472656,29.920000076293945,29.989999771118164,30.06999969482422,41889700.0,28.517112731933594,0.067,2019-04-23,16,2019,23,Tuesday,0.2132,0.40486627421903154
30.170000076293945,29.850000381469727,29.950000762939453,30.020000457763672,40078100.0,28.46969223022461,-0.166,2019-04-24,16,2019,24,Wednesday,0.2132,0.40486627421903154
30.31999969482422,29.899999618530273,29.90999984741211,30.079999923706055,43243800.0,28.52659797668457,0.2,2019-04-25,16,2019,25,Thursday,0.2132,0.40486627421903154
30.389999389648438,30.049999237060547,30.170000076293945,30.350000381469727,40627500.0,28.782649993896484,0.898,2019-04-26,16,2019,26,Friday,0.2132,0.40486627421903154
31.170000076293945,30.40999984741211,30.43000030517578,30.770000457763672,68408600.0,29.180965423583984,1.384,2019-04-29,17,2019,29,Monday,0.24059999999999998,1.0252303643572014
30.8799991607666,30.40999984741211,30.799999237060547,30.579999923706055,47764200.0,29.000776290893555,-0.617,2019-04-30,17,2019,30,Tuesday,0.24059999999999998,1.0252303643572014
30.889999389648438,30.18000030517578,30.559999465942383,30.260000228881836,56161000.0,28.697301864624023,-1.046,2019-05-01,17,2019,1,Wednesday,0.24059999999999998,1.0252303643572014
30.559999465942383,30.149999618530273,30.260000228881836,30.5,40634100.0,28.92490577697754,0.793,2019-05-02,17,2019,2,Thursday,0.24059999999999998,1.0252303643572014
30.799999237060547,30.5,30.65999984741211,30.709999084472656,35256100.0,29.124061584472656,0.689,2019-05-03,17,2019,3,Friday,0.24059999999999998,1.0252303643572014
30.610000610351562,30.06999969482422,30.110000610351562,30.469999313354492,39882000.0,28.896453857421875,-0.782,2019-05-06,18,2019,6,Monday,-0.7455999999999999,0.6192336392671186
30.170000076293945,29.6299991607666,30.15999984741211,29.920000076293945,58528400.0,28.374862670898438,-1.805,2019-05-07,18,2019,7,Tuesday,-0.7455999999999999,0.6192336392671186
30.110000610351562,29.670000076293945,29.729999542236328,29.799999237060547,39903400.0,28.26105308532715,-0.401,2019-05-08,18,2019,8,Wednesday,-0.7455999999999999,0.6192336392671186
29.780000686645508,29.280000686645508,29.420000076293945,29.709999084472656,44173500.0,28.175701141357422,-0.302,2019-05-09,18,2019,9,Thursday,-0.7455999999999999,0.6192336392671186
29.709999084472656,29.190000534057617,29.459999084472656,29.579999923706055,59649900.0,28.052417755126953,-0.438,2019-05-10,18,2019,10,Friday,-0.7455999999999999,0.6192336392671186
29.0,28.049999237060547,28.959999084472656,28.25,72547000.0,26.79110336303711,-4.496,2019-05-13,19,2019,13,Monday,-0.7888000000000001,2.3299314796791775
28.989999771118164,28.209999084472656,28.360000610351562,28.6200008392334,52216100.0,27.14199447631836,1.31,2019-05-14,19,2019,14,Tuesday,-0.7888000000000001,2.3299314796791775
28.489999771118164,28.010000228881836,28.100000381469727,28.290000915527344,51973200.0,26.829036712646484,-1.153,2019-05-15,19,2019,15,Wednesday,-0.7888000000000001,2.3299314796791775
28.829999923706055,28.43000030517578,28.459999084472656,28.59000015258789,42791500.0,27.113544464111328,1.06,2019-05-16,19,2019,16,Thursday,-0.7888000000000001,2.3299314796791775
28.639999389648438,28.219999313354492,28.25,28.399999618530273,43772500.0,26.933353424072266,-0.665,2019-05-17,19,2019,17,Friday,-0.7888000000000001,2.3299314796791775
28.520000457763672,28.239999771118164,28.399999618530273,28.399999618530273,41717600.0,26.933353424072266,0.0,2019-05-20,20,2019,20,Monday,-0.14500000000000002,1.6028207947241013
28.75,28.450000762939453,28.56999969482422,28.690000534057617,39258700.0,27.208377838134766,1.021,2019-05-21,20,2019,21,Tuesday,-0.14500000000000002,1.6028207947241013
28.6299991607666,28.350000381469727,28.510000228881836,28.489999771118164,29177600.0,27.018709182739258,-0.697,2019-05-22,20,2019,22,Wednesday,-0.14500000000000002,1.6028207947241013
28.200000762939453,27.5,28.1299991607666,27.760000228881836,59772900.0,26.32640838623047,-2.562,2019-05-23,20,2019,23,Thursday,-0.14500000000000002,1.6028207947241013
28.260000228881836,27.860000610351562,27.93000030517578,28.18000030517578,35524400.0,26.72471809387207,1.513,2019-05-24,20,2019,24,Friday,-0.14500000000000002,1.6028207947241013
28.25,27.8799991607666,28.049999237060547,27.899999618530273,44273400.0,26.45917510986328,-0.994,2019-05-28,21,2019,28,Tuesday,-1.43,0.7894301742396219
27.850000381469727,27.3799991607666,27.530000686645508,27.75,49818900.0,26.31692123413086,-0.538,2019-05-29,21,2019,29,Wednesday,-1.43,0.7894301742396219
27.93000030517578,26.979999542236328,27.770000457763672,27.15999984741211,58649300.0,25.75739097595215,-2.126,2019-05-30,21,2019,30,Thursday,-1.43,0.7894301742396219
26.8700008392334,26.479999542236328,26.5,26.600000381469727,68304200.0,25.22631072998047,-2.062,2019-05-31,21,2019,31,Friday,-1.43,0.7894301742396219
26.989999771118164,26.399999618530273,26.59000015258789,26.68000030517578,50109900.0,25.30217933654785,0.301,2019-06-03,22,2019,3,Monday,0.8180000000000002,2.2423107500968724
27.950000762939453,27.139999389648438,27.18000030517578,27.920000076293945,58426400.0,26.4781436920166,4.648,2019-06-04,22,2019,4,Tuesday,0.8180000000000002,2.2423107500968724
28.010000228881836,27.459999084472656,27.84000015258789,27.90999984741211,44874400.0,26.468658447265625,-0.036,2019-06-05,22,2019,5,Wednesday,0.8180000000000002,2.2423107500968724
28.040000915527344,27.540000915527344,27.760000228881836,27.8799991607666,38633600.0,26.58307647705078,0.432,2019-06-06,22,2019,6,Thursday,0.8180000000000002,2.2423107500968724
27.790000915527344,27.420000076293945,27.75,27.530000686645508,51317200.0,26.249359130859375,-1.255,2019-06-07,22,2019,7,Friday,0.8180000000000002,2.2423107500968724
28.469999313354492,27.84000015258789,27.860000610351562,28.06999969482422,48305800.0,26.764240264892578,1.961,2019-06-10,23,2019,10,Monday,0.3724,1.0843819898910163
28.700000762939453,28.139999389648438,28.3799991607666,28.239999771118164,38691800.0,26.926326751708984,0.606,2019-06-11,23,2019,11,Tuesday,0.3724,1.0843819898910163
28.270000457763672,27.860000610351562,28.200000762939453,27.950000762939453,33528900.0,26.649822235107422,-1.027,2019-06-12,23,2019,12,Wednesday,0.3724,1.0843819898910163
28.15999984741211,27.809999465942383,27.969999313354492,27.940000534057617,33404200.0,26.640289306640625,-0.036,2019-06-13,23,2019,13,Thursday,0.3724,1.0843819898910163
28.170000076293945,27.780000686645508,27.90999984741211,28.040000915527344,37322100.0,26.735633850097656,0.358,2019-06-14,23,2019,14,Friday,0.3724,1.0843819898910163
28.219999313354492,27.790000915527344,28.010000228881836,27.93000030517578,33410100.0,26.630752563476562,-0.392,2019-06-17,24,2019,17,Monday,0.06440000000000004,1.382517739488358
28.799999237060547,27.829999923706055,28.020000457763672,28.6200008392334,60170700.0,27.28865623474121,2.47,2019-06-18,24,2019,18,Tuesday,0.06440000000000004,1.382517739488358
28.969999313354492,28.299999237060547,28.700000762939453,28.31999969482422,61953500.0,27.002609252929688,-1.048,2019-06-19,24,2019,19,Wednesday,0.06440000000000004,1.382517739488358
28.610000610351562,27.850000381469727,28.59000015258789,28.270000457763672,60887200.0,26.954936981201172,-0.177,2019-06-20,24,2019,20,Thursday,0.06440000000000004,1.382517739488358
28.549999237060547,28.079999923706055,28.190000534057617,28.1200008392334,69444000.0,26.81191635131836,-0.531,2019-06-21,24,2019,21,Friday,0.06440000000000004,1.382517739488358
28.3799991607666,27.889999389648438,28.079999923706055,27.979999542236328,40046400.0,26.678424835205078,-0.498,2019-06-24,25,2019,24,Monday,0.6262,1.4311178148566246
28.020000457763672,27.3799991607666,28.020000457763672,27.760000228881836,46901300.0,26.46866226196289,-0.786,2019-06-25,25,2019,25,Tuesday,0.6262,1.4311178148566246
28.18000030517578,27.850000381469727,27.940000534057617,27.90999984741211,42312300.0,26.61168098449707,0.54,2019-06-26,25,2019,26,Wednesday,0.6262,1.4311178148566246
28.31999969482422,28.059999465942383,28.079999923706055,28.209999084472656,35575600.0,26.897727966308594,1.075,2019-06-27,25,2019,27,Thursday,0.6262,1.4311178148566246
29.270000457763672,28.729999542236328,29.010000228881836,29.0,101856900.0,27.650978088378906,2.8,2019-06-28,25,2019,28,Friday,0.6262,1.4311178148566246
29.850000381469727,29.25,29.479999542236328,29.420000076293945,48029900.0,28.051441192626953,1.448,2019-07-01,26,2019,1,Monday,0.22749999999999998,1.0603114322374032
29.43000030517578,28.93000030517578,29.34000015258789,29.149999618530273,32263500.0,27.79400062561035,-0.918,2019-07-02,26,2019,2,Tuesday,0.22749999999999998,1.0603114322374032
29.239999771118164,28.93000030517578,29.190000534057617,29.049999237060547,26642300.0,27.69864845275879,-0.343,2019-07-03,26,2019,3,Wednesday,0.22749999999999998,1.0603114322374032
29.56999969482422,29.149999618530273,29.360000610351562,29.260000228881836,33092000.0,27.898881912231445,0.723,2019-07-05,26,2019,5,Friday,0.22749999999999998,1.0603114322374032
29.299999237060547,28.940000534057617,29.010000228881836,29.200000762939453,30924400.0,27.8416748046875,-0.205,2019-07-08,27,2019,8,Monday,0.13279999999999997,0.8586691446651615
29.420000076293945,28.940000534057617,28.969999313354492,29.350000381469727,28750100.0,27.984695434570312,0.514,2019-07-09,27,2019,9,Tuesday,0.13279999999999997,0.8586691446651615
29.399999618530273,28.959999084472656,29.170000076293945,29.020000457763672,40574800.0,27.670047760009766,-1.124,2019-07-10,27,2019,10,Wednesday,0.13279999999999997,0.8586691446651615
29.5,29.030000686645508,29.100000381469727,29.360000610351562,37376800.0,27.994234085083008,1.172,2019-07-11,27,2019,11,Thursday,0.13279999999999997,0.8586691446651615
29.530000686645508,29.360000610351562,29.440000534057617,29.450000762939453,29632900.0,28.080045700073242,0.307,2019-07-12,27,2019,12,Friday,0.13279999999999997,0.8586691446651615
29.530000686645508,29.079999923706055,29.5,29.219999313354492,46462100.0,27.860746383666992,-0.781,2019-07-15,28,2019,15,Monday,-0.031200000000000026,0.8306703317201114
29.200000762939453,28.860000610351562,29.170000076293945,28.989999771118164,54920400.0,27.641441345214844,-0.787,2019-07-16,28,2019,16,Tuesday,-0.031200000000000026,0.8306703317201114
29.6200008392334,29.0,29.100000381469727,29.190000534057617,84958300.0,27.832141876220703,0.69,2019-07-17,28,2019,17,Wednesday,-0.031200000000000026,0.8306703317201114
29.579999923706055,29.18000030517578,29.280000686645508,29.479999542236328,49468800.0,28.10865020751953,0.993,2019-07-18,28,2019,18,Thursday,-0.031200000000000026,0.8306703317201114
29.610000610351562,29.3799991607666,29.540000915527344,29.399999618530273,44863200.0,28.032371520996094,-0.271,2019-07-19,28,2019,19,Friday,-0.031200000000000026,0.8306703317201114
29.610000610351562,29.280000686645508,29.290000915527344,29.56999969482422,31224300.0,28.194461822509766,0.578,2019-07-22,29,2019,22,Monday,0.9214,1.2719476404317906
30.280000686645508,29.700000762939453,29.75,30.25,64030300.0,28.842832565307617,2.3,2019-07-23,29,2019,23,Tuesday,0.9214,1.2719476404317906
30.75,30.040000915527344,30.06999969482422,30.670000076293945,53171900.0,29.2432918548584,1.388,2019-07-24,29,2019,24,Wednesday,0.9214,1.2719476404317906
30.889999389648438,30.209999084472656,30.739999771118164,30.34000015258789,43251900.0,28.92864227294922,-1.076,2019-07-25,29,2019,25,Thursday,0.9214,1.2719476404317906
30.989999771118164,30.420000076293945,30.56999969482422,30.770000457763672,46978800.0,29.33864402770996,1.417,2019-07-26,29,2019,26,Friday,0.9214,1.2719476404317906
30.850000381469727,30.489999771118164,30.719999313354492,30.520000457763672,39176700.0,29.100271224975586,-0.812,2019-07-29,30,2019,29,Monday,-0.9064,1.8485570859456844
30.899999618530273,30.149999618530273,30.209999084472656,30.889999389648438,37598300.0,29.453060150146484,1.212,2019-07-30,30,2019,30,Tuesday,-0.9064,1.8485570859456844
31.059999465942383,30.59000015258789,30.829999923706055,30.68000030517578,60607600.0,29.252826690673828,-0.68,2019-07-31,30,2019,31,Wednesday,-0.9064,1.8485570859456844
31.06999969482422,29.360000610351562,30.549999237060547,29.489999771118164,76913400.0,28.11818504333496,-3.879,2019-08-01,30,2019,1,Thursday,-0.9064,1.8485570859456844
29.5,28.90999984741211,29.360000610351562,29.3799991607666,57492300.0,28.0132999420166,-0.373,2019-08-02,30,2019,2,Friday,-0.9064,1.8485570859456844
28.639999389648438,27.709999084472656,28.530000686645508,28.079999923706055,96207700.0,26.773775100708008,-4.425,2019-08-05,31,2019,5,Monday,-0.6996,2.5097905888739005
28.489999771118164,27.690000534057617,28.40999984741211,28.420000076293945,65115800.0,27.097959518432617,1.211,2019-08-06,31,2019,6,Tuesday,-0.6996,2.5097905888739005
27.93000030517578,27.1200008392334,27.610000610351562,27.889999389648438,75388500.0,26.59261131286621,-1.865,2019-08-07,31,2019,7,Wednesday,-0.6996,2.5097905888739005
28.489999771118164,28.06999969482422,28.110000610351562,28.3799991607666,53141900.0,27.059816360473633,1.757,2019-08-08,31,2019,8,Thursday,-0.6996,2.5097905888739005
28.520000457763672,27.969999313354492,28.270000457763672,28.329999923706055,53499600.0,27.01214599609375,-0.176,2019-08-09,31,2019,9,Friday,-0.6996,2.5097905888739005
27.850000381469727,27.459999084472656,27.829999923706055,27.639999389648438,55674700.0,26.35424041748047,-2.436,2019-08-12,32,2019,12,Monday,-0.9017999999999999,2.880442275068188
28.25,27.3799991607666,27.56999969482422,27.719999313354492,69919200.0,26.430519104003906,0.289,2019-08-13,32,2019,13,Tuesday,-0.9017999999999999,2.880442275068188
27.079999923706055,26.280000686645508,26.940000534057617,26.420000076293945,106591700.0,25.19099235534668,-4.69,2019-08-14,32,2019,14,Wednesday,-0.9017999999999999,2.880442275068188
26.829999923706055,26.209999084472656,26.579999923706055,26.25,70192000.0,25.028902053833008,-0.643,2019-08-15,32,2019,15,Thursday,-0.9017999999999999,2.880442275068188
27.1200008392334,26.440000534057617,26.530000686645508,27.030000686645508,70841700.0,25.772621154785156,2.971,2019-08-16,32,2019,16,Friday,-0.9017999999999999,2.880442275068188
27.700000762939453,27.139999389648438,27.639999389648438,27.270000457763672,44964800.0,26.00145721435547,0.888,2019-08-19,33,2019,19,Monday,-0.40520000000000006,1.7746001521469563
27.059999465942383,26.700000762939453,27.020000457763672,26.719999313354492,47665000.0,25.477039337158203,-2.017,2019-08-20,33,2019,20,Tuesday,-0.40520000000000006,1.7746001521469563
27.079999923706055,26.790000915527344,26.93000030517578,26.93000030517578,47785400.0,25.677268981933594,0.786,2019-08-21,33,2019,21,Wednesday,-0.40520000000000006,1.7746001521469563
27.299999237060547,26.959999084472656,27.09000015258789,27.190000534057617,49353700.0,25.9251766204834,0.965,2019-08-22,33,2019,22,Thursday,-0.40520000000000006,1.7746001521469563
27.219999313354492,26.260000228881836,26.950000762939453,26.469999313354492,81880700.0,25.23866844177246,-2.648,2019-08-23,33,2019,23,Friday,-0.40520000000000006,1.7746001521469563
26.799999237060547,26.489999771118164,26.700000762939453,26.780000686645508,41499100.0,25.534250259399414,1.171,2019-08-26,34,2019,26,Monday,0.7792,1.1586374325042323
26.899999618530273,26.280000686645508,26.860000610351562,26.469999313354492,52517000.0,25.23866844177246,-1.158,2019-08-27,34,2019,27,Tuesday,0.7792,1.1586374325042323
27.079999923706055,26.209999084472656,26.219999313354492,26.850000381469727,45897900.0,25.600994110107422,1.436,2019-08-28,34,2019,28,Wednesday,0.7792,1.1586374325042323
27.450000762939453,26.920000076293945,27.0,27.329999923706055,55432900.0,26.05866241455078,1.788,2019-08-29,34,2019,29,Thursday,0.7792,1.1586374325042323
27.690000534057617,27.350000381469727,27.5,27.510000228881836,41326200.0,26.23029136657715,0.659,2019-08-30,34,2019,30,Friday,0.7792,1.1586374325042323
27.229999542236328,26.610000610351562,27.209999084472656,27.049999237060547,50743100.0,25.791688919067383,-1.672,2019-09-03,35,2019,3,Tuesday,0.38350000000000006,2.27854844144249
27.579999923706055,27.15999984741211,27.31999969482422,27.489999771118164,40862500.0,26.21122169494629,1.627,2019-09-04,35,2019,4,Wednesday,0.38350000000000006,2.27854844144249
28.43000030517578,27.799999237060547,27.850000381469727,28.1200008392334,63413700.0,26.988630294799805,2.966,2019-09-05,35,2019,5,Thursday,0.38350000000000006,2.27854844144249
28.09000015258789,27.56999969482422,28.020000457763672,27.729999542236328,56054100.0,26.614320755004883,-1.387,2019-09-06,35,2019,6,Friday,0.38350000000000006,2.27854844144249
28.850000381469727,27.969999313354492,28.0,28.6299991607666,68629300.0,27.478113174438477,3.246,2019-09-09,36,2019,9,Monday,1.7068,1.202510789972381
29.350000381469727,28.809999465942383,28.889999389648438,29.350000381469727,71066200.0,28.169143676757812,2.515,2019-09-10,36,2019,10,Tuesday,1.7068,1.202510789972381
29.469999313354492,28.899999618530273,29.3700008392334,29.459999084472656,53982200.0,28.27471923828125,0.375,2019-09-11,36,2019,11,Wednesday,1.7068,1.202510789972381
29.799999237060547,28.90999984741211,29.219999313354492,29.670000076293945,72943900.0,28.476266860961914,0.713,2019-09-12,36,2019,12,Thursday,1.7068,1.202510789972381
30.31999969482422,29.8700008392334,30.0,30.170000076293945,79657000.0,28.956151962280273,1.685,2019-09-13,36,2019,13,Friday,1.7068,1.202510789972381
30.170000076293945,29.639999389648438,29.68000030517578,30.1299991607666,43391300.0,28.917760848999023,-0.133,2019-09-16,37,2019,16,Monday,-0.387,0.4066466525129649
30.020000457763672,29.59000015258789,29.850000381469727,29.940000534057617,48284900.0,28.735403060913086,-0.631,2019-09-17,37,2019,17,Tuesday,-0.387,0.4066466525129649
30.149999618530273,29.549999237060547,29.770000457763672,30.0,66640400.0,28.792991638183594,0.2,2019-09-18,37,2019,18,Wednesday,-0.387,0.4066466525129649
30.100000381469727,29.75,30.0,29.81999969482422,43035700.0,28.62023162841797,-0.6,2019-09-19,37,2019,19,Thursday,-0.387,0.4066466525129649
30.1299991607666,29.56999969482422,29.969999313354492,29.59000015258789,167269000.0,28.399486541748047,-0.771,2019-09-20,37,2019,20,Friday,-0.387,0.4066466525129649
29.6200008392334,29.170000076293945,29.309999465942383,29.520000457763672,52048300.0,28.332304000854492,-0.237,2019-09-23,38,2019,23,Monday,-0.15719999999999998,1.1915327104196511
29.639999389648438,28.739999771118164,29.600000381469727,28.940000534057617,64806900.0,27.77564239501953,-1.965,2019-09-24,38,2019,24,Tuesday,-0.15719999999999998,1.1915327104196511
29.40999984741211,28.780000686645508,28.780000686645508,29.25,45807700.0,28.073165893554688,1.071,2019-09-25,38,2019,25,Wednesday,-0.15719999999999998,1.1915327104196511
29.329999923706055,29.049999237060547,29.209999084472656,29.1299991607666,33198100.0,27.957992553710938,-0.41,2019-09-26,38,2019,26,Thursday,-0.15719999999999998,1.1915327104196511
29.709999084472656,29.209999084472656,29.40999984741211,29.350000381469727,41336600.0,28.169143676757812,0.755,2019-09-27,38,2019,27,Friday,-0.15719999999999998,1.1915327104196511
29.520000457763672,29.079999923706055,29.489999771118164,29.170000076293945,39191000.0,27.99638557434082,-0.613,2019-09-30,39,2019,30,Monday,-0.6639999999999999,1.7997401201284589
29.510000228881836,28.40999984741211,29.440000534057617,28.440000534057617,49434400.0,27.295753479003906,-2.503,2019-10-01,39,2019,1,Tuesday,-0.6639999999999999,1.7997401201284589
28.299999237060547,27.809999465942383,28.200000762939453,27.84000015258789,52293100.0,26.719894409179688,-2.11,2019-10-02,39,2019,2,Wednesday,-0.6639999999999999,1.7997401201284589
27.8799991607666,27.15999984741211,27.760000228881836,27.809999465942383,53015800.0,26.691102981567383,-0.108,2019-10-03,39,2019,3,Thursday,-0.6639999999999999,1.7997401201284589
28.399999618530273,27.84000015258789,27.850000381469727,28.3700008392334,42641800.0,27.22857093811035,2.014,2019-10-04,39,2019,4,Friday,-0.6639999999999999,1.7997401201284589
28.6200008392334,28.18000030517578,28.329999923706055,28.309999465942383,36742400.0,27.17098617553711,-0.211,2019-10-07,40,2019,7,Monday,0.39059999999999995,1.7736626793164478
27.920000076293945,27.459999084472656,27.8700008392334,27.6299991607666,58201100.0,26.518346786499023,-2.402,2019-10-08,40,2019,8,Tuesday,0.39059999999999995,1.7736626793164478
28.06999969482422,27.75,27.829999923706055,27.889999389648438,37511400.0,26.76788330078125,0.941,2019-10-09,40,2019,9,Wednesday,0.39059999999999995,1.7736626793164478
28.75,28.040000915527344,28.040000915527344,28.450000762939453,48239300.0,27.30535316467285,2.008,2019-10-10,40,2019,10,Thursday,0.39059999999999995,1.7736626793164478
29.34000015258789,28.860000610351562,28.989999771118164,28.90999984741211,70008600.0,27.746845245361328,1.617,2019-10-11,40,2019,11,Friday,0.39059999999999995,1.7736626793164478
29.15999984741211,28.729999542236328,28.739999771118164,29.139999389648438,36040100.0,27.967592239379883,0.796,2019-10-14,41,2019,14,Monday,0.9792,0.7595213624382134
30.239999771118164,29.110000610351562,29.34000015258789,29.729999542236328,78656000.0,28.53385353088379,2.025,2019-10-15,41,2019,15,Tuesday,0.9792,0.7595213624382134
30.719999313354492,30.149999618530273,30.3700008392334,30.170000076293945,87131700.0,28.956151962280273,1.48,2019-10-16,41,2019,16,Wednesday,0.9792,0.7595213624382134
30.540000915527344,30.0,30.299999237060547,30.260000228881836,55575900.0,29.042531967163086,0.298,2019-10-17,41,2019,17,Thursday,0.9792,0.7595213624382134
30.489999771118164,30.100000381469727,30.1299991607666,30.350000381469727,48872900.0,29.1289119720459,0.297,2019-10-18,41,2019,18,Friday,0.9792,0.7595213624382134
31.149999618530273,30.6299991607666,30.670000076293945,31.020000457763672,61087400.0,29.771953582763672,2.208,2019-10-21,42,2019,21,Monday,0.89,0.8807062506874811
31.3700008392334,30.75,30.969999313354492,31.200000762939453,58662100.0,29.94470977783203,0.58,2019-10-22,42,2019,22,Tuesday,0.89,0.8807062506874811
31.440000534057617,31.09000015258789,31.1299991607666,31.420000076293945,47771200.0,30.155858993530273,0.705,2019-10-23,42,2019,23,Wednesday,0.89,0.8807062506874811
31.520000457763672,31.200000762939453,31.450000762939453,31.360000610351562,39491000.0,30.09827423095703,-0.191,2019-10-24,42,2019,24,Thursday,0.89,0.8807062506874811
31.850000381469727,31.34000015258789,31.360000610351562,31.719999313354492,43702000.0,30.443790435791016,1.148,2019-10-25,42,2019,25,Friday,0.89,0.8807062506874811
32.22999954223633,31.739999771118164,31.969999313354492,31.84000015258789,58790300.0,30.558961868286133,0.378,2019-10-28,43,2019,28,Monday,0.05700000000000003,1.295647135604444
32.13999938964844,31.809999465942383,31.940000534057617,32.06999969482422,48266600.0,30.779706954956055,0.722,2019-10-29,43,2019,29,Tuesday,0.05700000000000003,1.295647135604444
32.0099983215332,31.530000686645508,32.0099983215332,31.6200008392334,45262400.0,30.347814559936523,-1.403,2019-10-30,43,2019,30,Wednesday,0.05700000000000003,1.295647135604444
31.6200008392334,30.81999969482422,31.40999984741211,31.270000457763672,49430900.0,30.01189422607422,-1.107,2019-10-31,43,2019,31,Thursday,0.05700000000000003,1.295647135604444
31.84000015258789,31.3700008392334,31.700000762939453,31.799999237060547,41985300.0,30.520566940307617,1.695,2019-11-01,43,2019,1,Friday,0.05700000000000003,1.295647135604444
32.5,32.099998474121094,32.2400016784668,32.400001525878906,54228600.0,31.096433639526367,1.887,2019-11-04,44,2019,4,Monday,0.9047999999999998,0.8608738002750461
33.09000015258789,32.5,32.5099983215332,32.81999969482422,68785600.0,31.499530792236328,1.296,2019-11-05,44,2019,5,Tuesday,0.9047999999999998,0.8608738002750461
33.060001373291016,32.66999816894531,32.7599983215332,32.790000915527344,47524500.0,31.47073745727539,-0.091,2019-11-06,44,2019,6,Wednesday,0.9047999999999998,0.8608738002750461
33.599998474121094,33.0099983215332,33.11000061035156,33.22999954223633,68310700.0,31.893035888671875,1.342,2019-11-07,44,2019,7,Thursday,0.9047999999999998,0.8608738002750461
33.27000045776367,32.93000030517578,33.06999969482422,33.2599983215332,38724000.0,31.921831130981445,0.09,2019-11-08,44,2019,8,Friday,0.9047999999999998,0.8608738002750461
33.25,32.970001220703125,33.029998779296875,33.18000030517578,27784000.0,31.84504508972168,-0.241,2019-11-11,45,2019,11,Monday,-0.198,0.5760720441055962
33.31999969482422,32.9900016784668,33.130001068115234,33.09000015258789,37282200.0,31.758670806884766,-0.271,2019-11-12,45,2019,12,Tuesday,-0.198,0.5760720441055962
32.88999938964844,32.47999954223633,32.720001220703125,32.790000915527344,48887800.0,31.47073745727539,-0.907,2019-11-13,45,2019,13,Wednesday,-0.198,0.5760720441055962
32.86000061035156,32.4900016784668,32.689998626708984,32.70000076293945,35554600.0,31.384363174438477,-0.274,2019-11-14,45,2019,14,Thursday,-0.198,0.5760720441055962
32.959999084472656,32.70000076293945,32.91999816894531,32.93000030517578,36398300.0,31.605106353759766,0.703,2019-11-15,45,2019,15,Friday,-0.198,0.5760720441055962
33.029998779296875,32.75,32.86000061035156,32.959999084472656,31133700.0,31.63389778137207,0.091,2019-11-18,46,2019,18,Monday,0.15299999999999997,0.6619939576763522
33.150001525878906,32.81999969482422,33.119998931884766,32.939998626708984,33183700.0,31.614704132080078,-0.061,2019-11-19,46,2019,19,Tuesday,0.15299999999999997,0.6619939576763522
32.83000183105469,32.41999816894531,32.790000915527344,32.689998626708984,43612200.0,31.374757766723633,-0.759,2019-11-20,46,2019,20,Wednesday,0.15299999999999997,0.6619939576763522
33.040000915527344,32.630001068115234,32.779998779296875,32.84000015258789,42787600.0,31.518726348876953,0.459,2019-11-21,46,2019,21,Thursday,0.15299999999999997,0.6619939576763522
33.31999969482422,32.939998626708984,32.959999084472656,33.18000030517578,38783900.0,31.84504508972168,1.035,2019-11-22,46,2019,22,Friday,0.15299999999999997,0.6619939576763522
33.5099983215332,33.2599983215332,33.33000183105469,33.470001220703125,50238800.0,32.123382568359375,0.874,2019-11-25,47,2019,25,Monday,0.1065,0.5718067855491048
33.400001525878906,33.119998931884766,33.380001068115234,33.349998474121094,50626600.0,32.008201599121094,-0.359,2019-11-26,47,2019,26,Tuesday,0.1065,0.5718067855491048
33.599998474121094,33.310001373291016,33.4900016784668,33.41999816894531,32097700.0,32.07538604736328,0.21,2019-11-27,47,2019,27,Wednesday,0.1065,0.5718067855491048
33.52000045776367,33.2400016784668,33.369998931884766,33.31999969482422,19503400.0,31.97941017150879,-0.299,2019-11-29,47,2019,29,Friday,0.1065,0.5718067855491048
33.75,33.34000015258789,33.45000076293945,33.43000030517578,47158800.0,32.08499526977539,0.33,2019-12-02,48,2019,2,Monday,0.3252,1.3030724078116303
32.900001525878906,32.54999923706055,32.869998931884766,32.84000015258789,58745100.0,31.518726348876953,-1.765,2019-12-03,48,2019,3,Tuesday,0.3252,1.3030724078116303
33.29999923706055,32.849998474121094,33.08000183105469,33.150001525878906,46637900.0,31.816255569458008,0.944,2019-12-04,48,2019,4,Wednesday,0.3252,1.3030724078116303
33.220001220703125,33.0,33.15999984741211,33.09000015258789,38304500.0,31.932056427001953,0.364,2019-12-05,48,2019,5,Thursday,0.3252,1.3030724078116303
33.79999923706055,33.56999969482422,33.68000030517578,33.66999816894531,50908500.0,32.491756439208984,1.753,2019-12-06,48,2019,6,Friday,0.3252,1.3030724078116303
33.70000076293945,33.439998626708984,33.5,33.5099983215332,32974500.0,32.33735656738281,-0.475,2019-12-09,49,2019,9,Monday,0.46259999999999996,1.52529859371862
33.630001068115234,33.29999923706055,33.400001525878906,33.529998779296875,41960100.0,32.356658935546875,0.06,2019-12-10,49,2019,10,Tuesday,0.46259999999999996,1.52529859371862
33.7599983215332,33.47999954223633,33.47999954223633,33.63999938964844,43107800.0,32.462806701660156,0.328,2019-12-11,49,2019,11,Wednesday,0.46259999999999996,1.52529859371862
34.810001373291016,33.68000030517578,33.779998779296875,34.68000030517578,64942500.0,33.46641540527344,3.092,2019-12-12,49,2019,12,Thursday,0.46259999999999996,1.52529859371862
34.959999084472656,34.349998474121094,34.689998626708984,34.439998626708984,48539600.0,33.23481369018555,-0.692,2019-12-13,49,2019,13,Friday,0.46259999999999996,1.52529859371862
35.09000015258789,34.70000076293945,34.95000076293945,34.70000076293945,50777100.0,33.4857177734375,0.755,2019-12-16,50,2019,16,Monday,0.3016,0.5754105490864762
35.27000045776367,34.7400016784668,34.849998474121094,35.040000915527344,50840500.0,33.813819885253906,0.98,2019-12-17,50,2019,17,Tuesday,0.3016,0.5754105490864762
35.27000045776367,35.04999923706055,35.11000061035156,35.11000061035156,48757900.0,33.881370544433594,0.2,2019-12-18,50,2019,18,Wednesday,0.3016,0.5754105490864762
35.22999954223633,34.88999938964844,35.150001525878906,34.95000076293945,45409500.0,33.726966857910156,-0.456,2019-12-19,50,2019,19,Thursday,0.3016,0.5754105490864762
35.2400016784668,34.90999984741211,35.2400016784668,34.959999084472656,109395500.0,33.73661422729492,0.029,2019-12-20,50,2019,20,Friday,0.3016,0.5754105490864762
35.189998626708984,34.95000076293945,35.040000915527344,35.16999816894531,33995400.0,33.939266204833984,0.601,2019-12-23,51,2019,23,Monday,0.279,0.5846212449098989
35.279998779296875,35.119998931884766,35.189998626708984,35.220001220703125,13805400.0,33.98752212524414,0.142,2019-12-24,51,2019,24,Tuesday,0.279,0.5846212449098989
35.560001373291016,35.290000915527344,35.31999969482422,35.52000045776367,26992100.0,34.27701950073242,0.852,2019-12-26,51,2019,26,Thursday,0.279,0.5846212449098989
35.720001220703125,35.2599983215332,35.70000076293945,35.349998474121094,28111300.0,34.11296463012695,-0.479,2019-12-27,51,2019,27,Friday,0.279,0.5846212449098989
35.650001525878906,35.09000015258789,35.56999969482422,35.150001525878906,30705100.0,33.91997146606445,-0.566,2019-12-30,52,2019,30,Monday,-0.18349999999999997,0.5409366876077089
35.2599983215332,34.970001220703125,35.029998779296875,35.220001220703125,29630100.0,33.98752212524414,0.199,2019-12-31,52,2019,31,Tuesday,-0.18349999999999997,0.5409366876077089
35.65999984741211,35.290000915527344,35.349998474121094,35.63999938964844,37614200.0,34.392818450927734,1.192,2020-01-02,00,2020,2,Thursday,-0.44200000000000006,2.3108249609176372
35.150001525878906,34.7599983215332,34.97999954223633,34.900001525878906,50357900.0,33.67871856689453,-2.076,2020-01-03,00,2020,3,Friday,-0.44200000000000006,2.3108249609176372
34.900001525878906,34.369998931884766,34.40999984741211,34.849998474121094,42185000.0,33.630462646484375,-0.143,2020-01-06,01,2020,6,Monday,-0.08960000000000003,0.733688830499688
34.91999816894531,34.529998779296875,34.70000076293945,34.619998931884766,34149000.0,33.40851593017578,-0.66,2020-01-07,01,2020,7,Tuesday,-0.08960000000000003,0.733688830499688
35.189998626708984,34.54999923706055,34.56999969482422,34.970001220703125,45311600.0,33.74626541137695,1.011,2020-01-08,01,2020,8,Wednesday,-0.08960000000000003,0.733688830499688
35.33000183105469,34.939998626708984,35.29999923706055,35.029998779296875,39861600.0,33.80416488647461,0.172,2020-01-09,01,2020,9,Thursday,-0.08960000000000003,0.733688830499688
35.06999969482422,34.65999984741211,35.0,34.7400016784668,39730400.0,33.52431869506836,-0.828,2020-01-10,01,2020,10,Friday,-0.08960000000000003,0.733688830499688
35.06999969482422,34.65999984741211,34.84000015258789,35.060001373291016,37956100.0,33.83312225341797,0.921,2020-01-13,02,2020,13,Monday,-0.012400000000000012,1.0960398259187483
35.66999816894531,35.11000061035156,35.29999923706055,35.31999969482422,66719300.0,34.08401870727539,0.742,2020-01-14,02,2020,14,Tuesday,-0.012400000000000012,1.0960398259187483
34.790000915527344,34.34000015258789,34.77000045776367,34.66999816894531,74745500.0,33.456764221191406,-1.84,2020-01-15,02,2020,15,Wednesday,-0.012400000000000012,1.0960398259187483
34.9900016784668,34.599998474121094,34.900001525878906,34.720001220703125,50368500.0,33.5050163269043,0.144,2020-01-16,02,2020,16,Thursday,-0.012400000000000012,1.0960398259187483
34.95000076293945,34.599998474121094,34.91999816894531,34.709999084472656,54156100.0,33.495361328125,-0.029,2020-01-17,02,2020,17,Friday,-0.012400000000000012,1.0960398259187483
34.52000045776367,34.220001220703125,34.41999816894531,34.2599983215332,50811000.0,33.06111145019531,-1.296,2020-01-21,03,2020,21,Tuesday,-0.8505,0.865771909916232
34.45000076293945,34.22999954223633,34.369998931884766,34.36000061035156,38879700.0,33.157615661621094,0.292,2020-01-22,03,2020,22,Wednesday,-0.8505,0.865771909916232
34.2599983215332,33.72999954223633,34.09000015258789,34.119998931884766,45717100.0,32.9260139465332,-0.698,2020-01-23,03,2020,23,Thursday,-0.8505,0.865771909916232
34.13999938964844,33.27000045776367,34.119998931884766,33.540000915527344,47797200.0,32.36631393432617,-1.7,2020-01-24,03,2020,24,Friday,-0.8505,0.865771909916232
33.130001068115234,32.470001220703125,32.56999969482422,32.849998474121094,57096200.0,31.700450897216797,-2.057,2020-01-27,04,2020,27,Monday,-0.41579999999999995,1.6620688012233429
33.4900016784668,32.95000076293945,33.02000045776367,33.2400016784668,38834600.0,32.07680892944336,1.187,2020-01-28,04,2020,28,Tuesday,-0.41579999999999995,1.6620688012233429
33.439998626708984,32.97999954223633,33.33000183105469,33.0099983215332,37414700.0,31.8548526763916,-0.692,2020-01-29,04,2020,29,Wednesday,-0.41579999999999995,1.6620688012233429
33.52000045776367,32.66999816894531,32.70000076293945,33.47999954223633,50542800.0,32.308406829833984,1.424,2020-01-30,04,2020,30,Thursday,-0.41579999999999995,1.6620688012233429
33.16999816894531,32.650001525878906,33.06999969482422,32.83000183105469,54845300.0,31.681156158447266,-1.941,2020-01-31,04,2020,31,Friday,-0.41579999999999995,1.6620688012233429
33.400001525878906,32.91999816894531,33.0,32.970001220703125,48485500.0,31.816255569458008,0.426,2020-02-03,05,2020,3,Monday,1.0702,1.4910897692627363
33.900001525878906,33.529998779296875,33.560001373291016,33.619998931884766,45061600.0,32.443504333496094,1.971,2020-02-04,05,2020,4,Tuesday,1.0702,1.4910897692627363
34.810001373291016,34.06999969482422,34.099998474121094,34.709999084472656,54604800.0,33.495361328125,3.242,2020-02-05,05,2020,5,Wednesday,1.0702,1.4910897692627363
35.0099983215332,34.599998474121094,34.939998626708984,34.66999816894531,39511500.0,33.456764221191406,-0.115,2020-02-06,05,2020,6,Thursday,1.0702,1.4910897692627363
34.65999984741211,34.2400016784668,34.31999969482422,34.61000061035156,31263000.0,33.398860931396484,-0.173,2020-02-07,05,2020,7,Friday,1.0702,1.4910897692627363
34.689998626708984,34.380001068115234,34.439998626708984,34.689998626708984,24373800.0,33.47606658935547,0.231,2020-02-10,06,2020,10,Monday,0.1384,0.23829351648754526
35.040000915527344,34.7599983215332,34.849998474121094,34.77000045776367,32476300.0,33.55326461791992,0.231,2020-02-11,06,2020,11,Tuesday,0.1384,0.23829351648754526
35.45000076293945,34.779998779296875,35.08000183105469,34.91999816894531,36656700.0,33.698020935058594,0.431,2020-02-12,06,2020,12,Wednesday,0.1384,0.23829351648754526
35.029998779296875,34.54999923706055,34.7599983215332,34.90999984741211,31775100.0,33.68836212158203,-0.029,2020-02-13,06,2020,13,Thursday,0.1384,0.23829351648754526
34.959999084472656,34.70000076293945,34.880001068115234,34.849998474121094,26447700.0,33.630462646484375,-0.172,2020-02-14,06,2020,14,Friday,0.1384,0.23829351648754526
34.83000183105469,34.0099983215332,34.77000045776367,34.27000045776367,40318000.0,33.070762634277344,-1.664,2020-02-18,07,2020,18,Tuesday,-0.34575,1.429615886639951
34.849998474121094,34.40999984741211,34.45000076293945,34.720001220703125,29632100.0,33.5050163269043,1.313,2020-02-19,07,2020,19,Wednesday,-0.34575,1.429615886639951
35.08000183105469,34.459999084472656,34.459999084472656,34.849998474121094,42604100.0,33.630462646484375,0.374,2020-02-20,07,2020,20,Thursday,-0.34575,1.429615886639951
34.63999938964844,34.13999938964844,34.529998779296875,34.36000061035156,46675500.0,33.157615661621094,-1.406,2020-02-21,07,2020,21,Friday,-0.34575,1.429615886639951
33.209999084472656,32.52000045776367,33.18000030517578,32.72999954223633,79159600.0,31.58464813232422,-4.744,2020-02-24,08,2020,24,Monday,-3.6586000000000007,1.7136459085820503
32.7599983215332,30.84000015258789,32.689998626708984,31.079999923706055,91586800.0,29.992393493652344,-5.041,2020-02-25,08,2020,25,Tuesday,-3.6586000000000007,1.7136459085820503
31.600000381469727,30.559999465942383,31.389999389648438,30.6299991607666,80012800.0,29.55813980102539,-1.448,2020-02-26,08,2020,26,Wednesday,-3.6586000000000007,1.7136459085820503
30.299999237060547,28.90999984741211,29.549999237060547,29.1299991607666,121148300.0,28.11063003540039,-4.897,2020-02-27,08,2020,27,Thursday,-3.6586000000000007,1.7136459085820503
28.75,27.700000762939453,28.0,28.5,171198800.0,27.5026798248291,-2.163,2020-02-28,08,2020,28,Friday,-3.6586000000000007,1.7136459085820503
29.3799991607666,27.440000534057617,28.350000381469727,29.3700008392334,147776300.0,28.342233657836914,3.053,2020-03-02,09,2020,2,Monday,-1.8443999999999998,4.174877878453453
29.75,27.6200008392334,29.3700008392334,27.75,138698500.0,26.778919219970703,-5.516,2020-03-03,09,2020,3,Tuesday,-1.8443999999999998,4.174877878453453
28.420000076293945,27.399999618530273,28.25,28.389999389648438,111239800.0,27.396528244018555,2.306,2020-03-04,09,2020,4,Wednesday,-1.8443999999999998,4.174877878453453
27.350000381469727,26.399999618530273,27.239999771118164,26.780000686645508,110878700.0,26.007762908935547,-5.069,2020-03-05,09,2020,5,Thursday,-1.8443999999999998,4.174877878453453
26.209999084472656,25.100000381469727,25.469999313354492,25.709999084472656,119121200.0,24.968616485595703,-3.996,2020-03-06,09,2020,6,Friday,-1.8443999999999998,4.174877878453453
23.489999771118164,21.510000228881836,22.229999542236328,21.93000030517578,145196000.0,21.297618865966797,-14.702,2020-03-09,10,2020,9,Monday,-0.5508000000000003,13.197079059397955
23.68000030517578,21.59000015258789,23.25,23.610000610351562,134863600.0,22.929174423217773,7.661,2020-03-10,10,2020,10,Tuesday,-0.5508000000000003,13.197079059397955
23.959999084472656,22.260000228881836,22.84000015258789,22.670000076293945,127347000.0,22.016281127929688,-3.981,2020-03-11,10,2020,11,Wednesday,-0.5508000000000003,13.197079059397955
22.8700008392334,20.149999618530273,20.59000015258789,20.510000228881836,139552600.0,19.918563842773438,-9.528,2020-03-12,10,2020,12,Thursday,-0.5508000000000003,13.197079059397955
24.25,21.479999542236328,22.190000534057617,24.15999984741211,128357400.0,23.463314056396484,17.796,2020-03-13,10,2020,13,Friday,-0.5508000000000003,13.197079059397955
21.729999542236328,19.579999923706055,19.850000381469727,20.440000534057617,121688800.0,19.850582122802734,-15.397,2020-03-16,11,2020,16,Monday,-3.7044000000000006,8.810521227487055
22.690000534057617,20.030000686645508,21.059999465942383,21.979999542236328,120065700.0,21.34617805480957,7.534,2020-03-17,11,2020,17,Tuesday,-3.7044000000000006,8.810521227487055
20.969999313354492,19.700000762939453,20.270000457763672,20.790000915527344,148272500.0,20.190494537353516,-5.414,2020-03-18,11,2020,18,Wednesday,-3.7044000000000006,8.810521227487055
21.75,19.0,20.260000228881836,21.200000762939453,122461300.0,20.588668823242188,1.972,2020-03-19,11,2020,19,Thursday,-3.7044000000000006,8.810521227487055
21.84000015258789,19.559999465942383,21.760000228881836,19.670000076293945,150910400.0,19.10279083251953,-7.217,2020-03-20,11,2020,20,Friday,-3.7044000000000006,8.810521227487055
19.670000076293945,17.950000762939453,19.260000228881836,18.079999923706055,181898500.0,17.55864143371582,-8.083,2020-03-23,12,2020,23,Monday,2.2628,9.865506814147968
21.149999618530273,19.010000228881836,19.420000076293945,21.030000686645508,147882400.0,20.42357063293457,16.316,2020-03-24,12,2020,24,Tuesday,2.2628,9.865506814147968
22.100000381469727,20.40999984741211,21.709999084472656,21.100000381469727,146991300.0,20.491552352905273,0.333,2020-03-25,12,2020,25,Wednesday,2.2628,9.865506814147968
22.950000762939453,21.170000076293945,21.309999465942383,22.719999313354492,116111400.0,22.064836502075195,7.678,2020-03-26,12,2020,26,Thursday,2.2628,9.865506814147968
22.200000762939453,21.100000381469727,21.68000030517578,21.600000381469727,91522800.0,20.97713279724121,-4.93,2020-03-27,12,2020,27,Friday,2.2628,9.865506814147968
22.350000381469727,21.270000457763672,21.649999618530273,22.040000915527344,80449100.0,21.404449462890625,2.037,2020-03-30,13,2020,30,Monday,-1.4186,4.420260942523642
22.489999771118164,20.959999084472656,21.81999969482422,21.229999542236328,95213700.0,20.617801666259766,-3.675,2020-03-31,13,2020,31,Tuesday,-1.4186,4.420260942523642
20.350000381469727,19.510000228881836,19.93000030517578,19.770000457763672,83961300.0,19.199905395507812,-6.877,2020-04-01,13,2020,1,Wednesday,-1.4186,4.420260942523642
20.790000915527344,19.59000015258789,19.649999618530273,20.56999969482422,70007400.0,19.976835250854492,4.047,2020-04-02,13,2020,2,Thursday,-1.4186,4.420260942523642
20.739999771118164,19.68000030517578,20.399999618530273,20.030000686645508,68293500.0,19.452407836914062,-2.625,2020-04-03,13,2020,3,Friday,-1.4186,4.420260942523642
21.600000381469727,20.809999465942383,21.030000686645508,21.389999389648438,97766200.0,20.773191452026367,6.79,2020-04-06,14,2020,6,Monday,5.5565,1.4217858488534763
22.8799991607666,21.850000381469727,22.799999237060547,22.139999389648438,94560300.0,21.501562118530273,3.506,2020-04-07,14,2020,7,Tuesday,5.5565,1.4217858488534763
23.600000381469727,22.40999984741211,22.40999984741211,23.450000762939453,81212300.0,22.773788452148438,5.917,2020-04-08,14,2020,8,Wednesday,5.5565,1.4217858488534763
25.31999969482422,24.049999237060547,24.06999969482422,24.860000610351562,125275700.0,24.143129348754883,6.013,2020-04-09,14,2020,9,Thursday,5.5565,1.4217858488534763
24.850000381469727,23.780000686645508,24.780000686645508,23.920000076293945,83164700.0,23.23023223876953,-3.781,2020-04-13,15,2020,13,Monday,-1.1704000000000003,5.86584830182302
24.649999618530273,23.100000381469727,24.5,23.729999542236328,88991100.0,23.045713424682617,-0.794,2020-04-14,15,2020,14,Tuesday,-1.1704000000000003,5.86584830182302
22.649999618530273,21.90999984741211,22.15999984741211,22.190000534057617,99082200.0,21.55012321472168,-6.49,2020-04-15,15,2020,15,Wednesday,-1.1704000000000003,5.86584830182302
22.209999084472656,21.09000015258789,22.149999618530273,21.420000076293945,89213300.0,20.802326202392578,-3.47,2020-04-16,15,2020,16,Thursday,-1.1704000000000003,5.86584830182302
23.399999618530273,22.309999465942383,22.34000015258789,23.280000686645508,92800300.0,22.60869026184082,8.683,2020-04-17,15,2020,17,Friday,-1.1704000000000003,5.86584830182302
23.1299991607666,22.18000030517578,22.56999969482422,22.5,74446300.0,21.85118293762207,-3.351,2020-04-20,16,2020,20,Monday,-0.9392000000000001,2.4537447299994346
22.3700008392334,21.5,21.899999618530273,21.639999389648438,78871300.0,21.015979766845703,-3.822,2020-04-21,16,2020,21,Tuesday,-0.9392000000000001,2.4537447299994346
22.229999542236328,21.75,22.15999984741211,21.799999237060547,49669500.0,21.171367645263672,0.739,2020-04-22,16,2020,22,Wednesday,-0.9392000000000001,2.4537447299994346
22.389999389648438,21.850000381469727,21.959999084472656,21.8700008392334,50614800.0,21.239351272583008,0.321,2020-04-23,16,2020,23,Thursday,-0.9392000000000001,2.4537447299994346
22.299999237060547,21.670000076293945,22.110000610351562,22.18000030517578,47633500.0,21.540409088134766,1.417,2020-04-24,16,2020,24,Friday,-0.9392000000000001,2.4537447299994346
23.649999618530273,22.450000762939453,22.520000457763672,23.469999313354492,66916700.0,22.7932071685791,5.816,2020-04-27,17,2020,27,Monday,0.8703999999999998,4.244455359642743
24.809999465942383,23.850000381469727,24.450000762939453,23.889999389648438,65504900.0,23.20109748840332,1.79,2020-04-28,17,2020,28,Tuesday,0.8703999999999998,4.244455359642743
25.110000610351562,24.510000228881836,24.90999984741211,24.780000686645508,73493900.0,24.0654354095459,3.725,2020-04-29,17,2020,29,Wednesday,0.8703999999999998,4.244455359642743
24.3799991607666,23.850000381469727,24.209999084472656,24.049999237060547,55244100.0,23.35648536682129,-2.946,2020-04-30,17,2020,30,Thursday,0.8703999999999998,4.244455359642743
23.459999084472656,22.809999465942383,23.3799991607666,23.079999923706055,51772600.0,22.414457321166992,-4.033,2020-05-01,17,2020,1,Friday,0.8703999999999998,4.244455359642743
22.989999771118164,22.43000030517578,22.700000762939453,22.93000030517578,45886100.0,22.268783569335938,-0.65,2020-05-04,18,2020,4,Monday,0.4386,2.105747088327561
23.520000457763672,22.6200008392334,23.479999542236328,22.65999984741211,45691900.0,22.006568908691406,-1.177,2020-05-05,18,2020,5,Tuesday,0.4386,2.105747088327561
23.079999923706055,22.229999542236328,23.0,22.350000381469727,53874600.0,21.705507278442383,-1.368,2020-05-06,18,2020,6,Wednesday,0.4386,2.105747088327561
23.3700008392334,22.610000610351562,22.65999984741211,22.84000015258789,51884300.0,22.181379318237305,2.192,2020-05-07,18,2020,7,Thursday,0.4386,2.105747088327561
23.6200008392334,23.25,23.469999313354492,23.56999969482422,45181000.0,22.89032745361328,3.196,2020-05-08,18,2020,8,Friday,0.4386,2.105747088327561
23.1200008392334,22.559999465942383,23.110000610351562,22.579999923706055,68951800.0,21.928876876831055,-4.2,2020-05-11,19,2020,11,Monday,-1.827,3.5173298110924995
22.81999969482422,21.850000381469727,22.709999084472656,21.8700008392334,69588700.0,21.239351272583008,-3.144,2020-05-12,19,2020,12,Tuesday,-1.827,3.5173298110924995
21.75,20.719999313354492,21.65999984741211,20.8700008392334,112113400.0,20.268186569213867,-4.572,2020-05-13,19,2020,13,Wednesday,-1.827,3.5173298110924995
21.790000915527344,20.100000381469727,20.290000915527344,21.709999084472656,88359100.0,21.083961486816406,4.025,2020-05-14,19,2020,14,Thursday,-1.827,3.5173298110924995
21.700000762939453,21.229999542236328,21.399999618530273,21.440000534057617,64484000.0,20.821748733520508,-1.244,2020-05-15,19,2020,15,Friday,-1.827,3.5173298110924995
23.059999465942383,22.06999969482422,22.420000076293945,22.93000030517578,86589400.0,22.268783569335938,6.95,2020-05-18,20,2020,18,Monday,1.174,3.9467095155331613
23.0,22.190000534057617,22.65999984741211,22.209999084472656,62179000.0,21.569543838500977,-3.14,2020-05-19,20,2020,19,Tuesday,1.174,3.9467095155331613
23.0,22.639999389648438,22.68000030517578,22.90999984741211,59789500.0,22.249361038208008,3.152,2020-05-20,20,2020,20,Wednesday,1.174,3.9467095155331613
23.270000457763672,22.780000686645508,22.809999465942383,22.899999618530273,57726000.0,22.239646911621094,-0.044,2020-05-21,20,2020,21,Thursday,1.174,3.9467095155331613
22.950000762939453,22.459999084472656,22.93000030517578,22.65999984741211,48107000.0,22.006568908691406,-1.048,2020-05-22,20,2020,22,Friday,1.174,3.9467095155331613
24.600000381469727,23.700000762939453,23.75,24.280000686645508,119485500.0,23.57985496520996,7.149,2020-05-26,21,2020,26,Tuesday,1.7157499999999999,6.213111478961245
26.170000076293945,24.969999313354492,26.06999969482422,25.979999542236328,117672700.0,25.230833053588867,7.002,2020-05-27,21,2020,27,Wednesday,1.7157499999999999,6.213111478961245
26.139999389648438,24.790000915527344,26.079999923706055,24.860000610351562,84340800.0,24.143129348754883,-4.311,2020-05-28,21,2020,28,Thursday,1.7157499999999999,6.213111478961245
24.90999984741211,24.059999465942383,24.420000076293945,24.1200008392334,113811100.0,23.424468994140625,-2.977,2020-05-29,21,2020,29,Friday,1.7157499999999999,6.213111478961245
24.8700008392334,24.049999237060547,24.280000686645508,24.610000610351562,58375500.0,23.90033721923828,2.032,2020-06-01,22,2020,1,Monday,3.2642,1.7283562132847499
25.389999389648438,24.559999465942383,24.959999084472656,24.84000015258789,71118100.0,24.123706817626953,0.935,2020-06-02,22,2020,2,Tuesday,3.2642,1.7283562132847499
26.139999389648438,25.389999389648438,25.5,25.989999771118164,86744600.0,25.240543365478516,4.63,2020-06-03,22,2020,3,Wednesday,3.2642,1.7283562132847499
26.829999923706055,25.56999969482422,25.709999084472656,26.780000686645508,94545300.0,26.18914031982422,3.758,2020-06-04,22,2020,4,Thursday,3.2642,1.7283562132847499
29.010000228881836,27.8799991607666,28.950000762939453,28.110000610351562,118767900.0,27.48979949951172,4.966,2020-06-05,22,2020,5,Friday,3.2642,1.7283562132847499
28.899999618530273,28.139999389648438,28.59000015258789,28.540000915527344,79598500.0,27.910310745239258,1.53,2020-06-08,23,2020,8,Monday,-2.3636000000000004,5.522720009198366
28.540000915527344,27.549999237060547,27.719999313354492,28.219999313354492,77773400.0,27.597370147705078,-1.121,2020-06-09,23,2020,9,Tuesday,-2.3636000000000004,5.522720009198366
28.100000381469727,26.510000228881836,27.969999313354492,26.600000381469727,90415300.0,26.01311492919922,-5.741,2020-06-10,23,2020,10,Wednesday,-2.3636000000000004,5.522720009198366
25.690000534057617,23.68000030517578,24.979999542236328,23.93000030517578,149875500.0,23.402023315429688,-10.038,2020-06-11,23,2020,11,Thursday,-2.3636000000000004,5.522720009198366
25.049999237060547,24.040000915527344,25.030000686645508,24.780000686645508,73729700.0,24.233266830444336,3.552,2020-06-12,23,2020,12,Friday,-2.3636000000000004,5.522720009198366
25.170000076293945,23.690000534057617,23.760000228881836,25.149999618530273,76538900.0,24.595104217529297,1.493,2020-06-15,24,2020,15,Monday,0.39499999999999996,2.1489358994628014
26.239999771118164,24.860000610351562,26.18000030517578,25.799999237060547,96796500.0,25.230764389038086,2.584,2020-06-16,24,2020,16,Tuesday,0.39499999999999996,2.1489358994628014
25.899999618530273,24.920000076293945,25.899999618530273,25.0,58349500.0,24.448413848876953,-3.101,2020-06-17,24,2020,17,Wednesday,0.39499999999999996,2.1489358994628014
25.489999771118164,24.579999923706055,24.700000762939453,25.040000915527344,53419000.0,24.487533569335938,0.16,2020-06-18,24,2020,18,Thursday,0.39499999999999996,2.1489358994628014
25.489999771118164,24.489999771118164,25.440000534057617,25.25,127563600.0,24.692899703979492,0.839,2020-06-19,24,2020,19,Friday,0.39499999999999996,2.1489358994628014
25.030000686645508,24.610000610351562,24.889999389648438,24.6200008392334,55484300.0,24.076801300048828,-2.495,2020-06-22,25,2020,22,Monday,-1.6573999999999998,3.985453085911312
25.40999984741211,24.760000228881836,25.010000228881836,24.790000915527344,46108300.0,24.24304962158203,0.69,2020-06-23,25,2020,23,Tuesday,-1.6573999999999998,3.985453085911312
24.540000915527344,23.68000030517578,24.540000915527344,23.809999465942383,75437100.0,23.284669876098633,-3.953,2020-06-24,25,2020,24,Wednesday,-1.6573999999999998,3.985453085911312
24.770000457763672,23.549999237060547,23.700000762939453,24.719999313354492,65031900.0,24.174592971801758,3.822,2020-06-25,25,2020,25,Thursday,-1.6573999999999998,3.985453085911312
24.110000610351562,23.020000457763672,24.09000015258789,23.149999618530273,118139200.0,22.639230728149414,-6.351,2020-06-26,25,2020,26,Friday,-1.6573999999999998,3.985453085911312
23.84000015258789,23.100000381469727,23.40999984741211,23.389999389648438,66269200.0,22.87393569946289,1.037,2020-06-29,26,2020,29,Monday,0.16049999999999986,1.5930535667913577
23.90999984741211,23.100000381469727,23.200000762939453,23.75,61716200.0,23.225994110107422,1.539,2020-06-30,26,2020,30,Tuesday,0.16049999999999986,1.5930535667913577
24.06999969482422,23.229999542236328,24.030000686645508,23.260000228881836,57379900.0,22.746803283691406,-2.063,2020-07-01,26,2020,1,Wednesday,0.16049999999999986,1.5930535667913577
23.989999771118164,23.219999313354492,23.84000015258789,23.290000915527344,56000200.0,22.77614402770996,0.129,2020-07-02,26,2020,2,Thursday,0.16049999999999986,1.5930535667913577
24.079999923706055,23.459999084472656,23.81999969482422,23.65999984741211,59589000.0,23.13797950744629,1.589,2020-07-06,27,2020,6,Monday,0.6588,3.171587331290122
23.389999389648438,22.899999618530273,23.3799991607666,23.010000228881836,60645800.0,22.502323150634766,-2.747,2020-07-07,27,2020,7,Tuesday,0.6588,3.171587331290122
23.190000534057617,22.700000762939453,23.030000686645508,23.100000381469727,52922600.0,22.590333938598633,0.391,2020-07-08,27,2020,8,Wednesday,0.6588,3.171587331290122
23.15999984741211,22.389999389648438,22.940000534057617,22.770000457763672,79385900.0,22.267616271972656,-1.429,2020-07-09,27,2020,9,Thursday,0.6588,3.171587331290122
24.049999237060547,22.68000030517578,22.709999084472656,24.020000457763672,81142900.0,23.49003791809082,5.49,2020-07-10,27,2020,10,Friday,0.6588,3.171587331290122
24.510000228881836,23.860000610351562,24.3700008392334,24.190000534057617,73598100.0,23.656286239624023,0.708,2020-07-13,28,2020,13,Monday,-0.6568,2.1356078057546055
24.149999618530273,23.450000762939453,23.889999389648438,24.139999389648438,67423100.0,23.60738754272461,-0.207,2020-07-14,28,2020,14,Tuesday,-0.6568,2.1356078057546055
24.8700008392334,24.280000686645508,24.760000228881836,24.600000381469727,57384400.0,24.057241439819336,1.906,2020-07-15,28,2020,15,Wednesday,-0.6568,2.1356078057546055
24.219999313354492,23.540000915527344,23.75,23.93000030517578,78067100.0,23.402023315429688,-2.724,2020-07-16,28,2020,16,Thursday,-0.6568,2.1356078057546055
23.979999542236328,23.200000762939453,23.8799991607666,23.219999313354492,66659100.0,22.707685470581055,-2.967,2020-07-17,28,2020,17,Friday,-0.6568,2.1356078057546055
23.700000762939453,23.110000610351562,23.190000534057617,23.579999923706055,61114000.0,23.059743881225586,1.55,2020-07-20,29,2020,20,Monday,0.9667999999999999,1.7402101022577705
24.479999542236328,23.690000534057617,23.709999084472656,24.420000076293945,75499300.0,23.881210327148438,3.562,2020-07-21,29,2020,21,Tuesday,0.9667999999999999,1.7402101022577705
24.329999923706055,23.969999313354492,24.239999771118164,24.309999465942383,52193700.0,23.773637771606445,-0.45,2020-07-22,29,2020,22,Wednesday,0.9667999999999999,1.7402101022577705
24.639999389648438,24.110000610351562,24.520000457763672,24.540000915527344,61047600.0,23.998565673828125,0.946,2020-07-23,29,2020,23,Thursday,0.9667999999999999,1.7402101022577705
24.829999923706055,24.270000457763672,24.559999465942383,24.350000381469727,50217600.0,23.812755584716797,-0.774,2020-07-24,29,2020,24,Friday,0.9667999999999999,1.7402101022577705
24.270000457763672,23.8799991607666,24.219999313354492,24.139999389648438,54721300.0,23.60738754272461,-0.862,2020-07-27,30,2020,27,Monday,0.44880000000000003,2.088437142937273
24.559999465942383,24.079999923706055,24.1299991607666,24.360000610351562,48406500.0,23.82253646850586,0.911,2020-07-28,30,2020,28,Tuesday,0.44880000000000003,2.088437142937273
25.290000915527344,24.190000534057617,24.360000610351562,25.270000457763672,71393500.0,24.712459564208984,3.736,2020-07-29,30,2020,29,Wednesday,0.44880000000000003,2.088437142937273
24.950000762939453,24.350000381469727,24.719999313354492,24.84000015258789,61755900.0,24.291946411132812,-1.702,2020-07-30,30,2020,30,Thursday,0.44880000000000003,2.088437142937273
24.950000762939453,24.459999084472656,24.93000030517578,24.8799991607666,61955800.0,24.331064224243164,0.161,2020-07-31,30,2020,31,Friday,0.44880000000000003,2.088437142937273
25.309999465942383,24.690000534057617,25.030000686645508,24.989999771118164,58284000.0,24.438636779785156,0.442,2020-08-03,31,2020,3,Monday,0.9738,1.022507554984314
25.059999465942383,24.860000610351562,24.959999084472656,25.010000228881836,37985300.0,24.45819664001465,0.08,2020-08-04,31,2020,4,Tuesday,0.9738,1.022507554984314
25.59000015258789,25.25,25.31999969482422,25.389999389648438,51322600.0,24.829809188842773,1.519,2020-08-05,31,2020,5,Wednesday,0.9738,1.022507554984314
25.670000076293945,25.280000686645508,25.450000762939453,25.469999313354492,51999700.0,24.908044815063477,0.315,2020-08-06,31,2020,6,Thursday,0.9738,1.022507554984314
26.190000534057617,25.260000228881836,25.34000015258789,26.110000610351562,63354500.0,25.533924102783203,2.513,2020-08-07,31,2020,7,Friday,0.9738,1.022507554984314
26.809999465942383,26.209999084472656,26.309999465942383,26.559999465942383,64051100.0,25.973995208740234,1.723,2020-08-10,32,2020,10,Monday,0.2810000000000001,1.335804439279942
27.75,26.780000686645508,27.280000686645508,26.920000076293945,81441000.0,26.3260555267334,1.355,2020-08-11,32,2020,11,Tuesday,0.2810000000000001,1.335804439279942
27.56999969482422,26.40999984741211,27.479999542236328,26.729999542236328,61971300.0,26.14024543762207,-0.706,2020-08-12,32,2020,12,Wednesday,0.2810000000000001,1.335804439279942
26.670000076293945,26.139999389648438,26.489999771118164,26.350000381469727,55955500.0,25.76862907409668,-1.422,2020-08-13,32,2020,13,Thursday,0.2810000000000001,1.335804439279942
26.65999984741211,25.920000076293945,26.059999465942383,26.469999313354492,50931900.0,25.885982513427734,0.455,2020-08-14,32,2020,14,Friday,0.2810000000000001,1.335804439279942
26.40999984741211,25.84000015258789,26.309999465942383,25.899999618530273,57518700.0,25.328556060791016,-2.153,2020-08-17,33,2020,17,Monday,-1.1494,0.8330692048083401
25.989999771118164,25.459999084472656,25.8700008392334,25.530000686645508,45850100.0,24.96672248840332,-1.429,2020-08-18,33,2020,18,Tuesday,-1.1494,0.8330692048083401
26.079999923706055,25.389999389648438,25.65999984741211,25.5,59856000.0,24.9373836517334,-0.118,2020-08-19,33,2020,19,Wednesday,-1.1494,0.8330692048083401
25.329999923706055,25.020000457763672,25.15999984741211,25.100000381469727,49403700.0,24.546207427978516,-1.569,2020-08-20,33,2020,20,Thursday,-1.1494,0.8330692048083401
25.43000030517578,24.899999618530273,24.979999542236328,24.979999542236328,55010700.0,24.428855895996094,-0.478,2020-08-21,33,2020,21,Friday,-1.1494,0.8330692048083401
25.700000762939453,25.040000915527344,25.219999313354492,25.690000534057617,54579500.0,25.123193740844727,2.842,2020-08-24,34,2020,24,Monday,1.0468,1.6966301011122018
26.190000534057617,25.729999542236328,26.040000915527344,26.0,57304700.0,25.42635154724121,1.207,2020-08-25,34,2020,25,Tuesday,1.0468,1.6966301011122018
25.940000534057617,25.540000915527344,25.940000534057617,25.559999465942383,39478000.0,24.99605941772461,-1.692,2020-08-26,34,2020,26,Wednesday,1.0468,1.6966301011122018
26.219999313354492,25.440000534057617,25.489999771118164,26.049999237060547,52934800.0,25.475248336791992,1.917,2020-08-27,34,2020,27,Thursday,1.0468,1.6966301011122018
26.469999313354492,25.989999771118164,26.399999618530273,26.299999237060547,46466400.0,25.7197322845459,0.96,2020-08-28,34,2020,28,Friday,1.0468,1.6966301011122018
26.139999389648438,25.690000534057617,26.09000015258789,25.739999771118164,49416200.0,25.172086715698242,-2.129,2020-08-31,35,2020,31,Monday,0.3383999999999999,2.1019064679476105
25.899999618530273,25.399999618530273,25.579999923706055,25.709999084472656,46109200.0,25.14274787902832,-0.117,2020-09-01,35,2020,1,Tuesday,0.3383999999999999,2.1019064679476105
26.15999984741211,25.489999771118164,25.530000686645508,26.020000457763672,57300900.0,25.445911407470703,1.206,2020-09-02,35,2020,2,Wednesday,0.3383999999999999,2.1019064679476105
26.6200008392334,25.459999084472656,26.200000762939453,25.65999984741211,86192500.0,25.26865577697754,-0.697,2020-09-03,35,2020,3,Thursday,0.3383999999999999,2.1019064679476105
26.760000228881836,25.799999237060547,26.260000228881836,26.540000915527344,99621400.0,26.135236740112305,3.429,2020-09-04,35,2020,4,Friday,0.3383999999999999,2.1019064679476105
26.31999969482422,25.389999389648438,26.139999389648438,25.479999542236328,74978600.0,25.091400146484375,-3.994,2020-09-08,36,2020,8,Tuesday,-0.9735000000000001,2.3329719958313544
25.719999313354492,25.229999542236328,25.639999389648438,25.510000228881836,53822700.0,25.12094497680664,0.118,2020-09-09,36,2020,9,Wednesday,-0.9735000000000001,2.3329719958313544
25.889999389648438,25.079999923706055,25.700000762939453,25.139999389648438,56609600.0,24.756587982177734,-1.45,2020-09-10,36,2020,10,Thursday,-0.9735000000000001,2.3329719958313544
25.579999923706055,25.09000015258789,25.219999313354492,25.5,47708300.0,25.11109733581543,1.432,2020-09-11,36,2020,11,Friday,-0.9735000000000001,2.3329719958313544
25.989999771118164,25.540000915527344,25.670000076293945,25.75,47802400.0,25.357282638549805,0.98,2020-09-14,37,2020,14,Monday,-0.22160000000000002,1.3141043718061363
25.829999923706055,25.190000534057617,25.770000457763672,25.280000686645508,63820200.0,24.894453048706055,-1.825,2020-09-15,37,2020,15,Tuesday,-0.22160000000000002,1.3141043718061363
25.90999984741211,25.049999237060547,25.280000686645508,25.600000381469727,64598600.0,25.209571838378906,1.266,2020-09-16,37,2020,16,Wednesday,-0.22160000000000002,1.3141043718061363
25.479999542236328,25.100000381469727,25.1299991607666,25.350000381469727,48862000.0,24.9633846282959,-0.977,2020-09-17,37,2020,17,Thursday,-0.22160000000000002,1.3141043718061363
25.579999923706055,25.100000381469727,25.149999618530273,25.209999084472656,94055800.0,24.825517654418945,-0.552,2020-09-18,37,2020,18,Friday,-0.22160000000000002,1.3141043718061363
24.780000686645508,24.030000686645508,24.56999969482422,24.469999313354492,75218600.0,24.096803665161133,-2.935,2020-09-21,38,2020,21,Monday,-1.3908,1.748681131596038
24.600000381469727,23.809999465942383,24.270000457763672,23.940000534057617,68665300.0,23.57489013671875,-2.166,2020-09-22,38,2020,22,Tuesday,-1.3908,1.748681131596038
24.260000228881836,23.260000228881836,24.100000381469727,23.260000228881836,59950300.0,22.90526008605957,-2.84,2020-09-23,38,2020,23,Wednesday,-1.3908,1.748681131596038
23.81999969482422,22.950000762939453,23.3799991607666,23.34000015258789,53570700.0,22.984039306640625,0.344,2020-09-24,38,2020,24,Thursday,-1.3908,1.748681131596038
23.549999237060547,23.1299991607666,23.280000686645508,23.489999771118164,42111300.0,23.131752014160156,0.643,2020-09-25,38,2020,25,Friday,-1.3908,1.748681131596038
24.309999465942383,23.790000915527344,23.8799991607666,24.09000015258789,47996900.0,23.722599029541016,2.554,2020-09-28,39,2020,28,Monday,0.614,1.4511147439124172
23.989999771118164,23.530000686645508,23.979999542236328,23.770000457763672,45695200.0,23.407482147216797,-1.328,2020-09-29,39,2020,29,Tuesday,0.614,1.4511147439124172
24.31999969482422,23.770000457763672,23.780000686645508,24.09000015258789,56226100.0,23.722599029541016,1.346,2020-09-30,39,2020,30,Wednesday,0.614,1.4511147439124172
24.40999984741211,23.860000610351562,24.270000457763672,24.100000381469727,44782200.0,23.73244857788086,0.042,2020-10-01,39,2020,1,Thursday,0.614,1.4511147439124172
24.43000030517578,23.56999969482422,23.639999389648438,24.209999084472656,51682100.0,23.840770721435547,0.456,2020-10-02,39,2020,2,Friday,0.614,1.4511147439124172
24.709999084472656,24.3799991607666,24.520000457763672,24.6200008392334,44396800.0,24.244518280029297,1.694,2020-10-05,40,2020,5,Monday,0.9388,1.2443087237498578
25.190000534057617,24.280000686645508,24.920000076293945,24.3700008392334,67541100.0,23.99833106994629,-1.015,2020-10-06,40,2020,6,Tuesday,0.9388,1.2443087237498578
25.110000610351562,24.600000381469727,24.6299991607666,24.8799991607666,47648000.0,24.500551223754883,2.093,2020-10-07,40,2020,7,Wednesday,0.9388,1.2443087237498578
25.299999237060547,24.809999465942383,24.950000762939453,25.239999771118164,52080600.0,24.855060577392578,1.447,2020-10-08,40,2020,8,Thursday,0.9388,1.2443087237498578
25.489999771118164,25.040000915527344,25.34000015258789,25.360000610351562,44511500.0,24.973230361938477,0.475,2020-10-09,40,2020,9,Friday,0.9388,1.2443087237498578
25.829999923706055,25.239999771118164,25.299999237060547,25.68000030517578,48362900.0,25.28835105895996,1.262,2020-10-12,41,2020,12,Monday,-0.8590000000000002,3.1456364220933097
25.68000030517578,24.84000015258789,25.639999389648438,24.950000762939453,61186900.0,24.569486618041992,-2.843,2020-10-13,41,2020,13,Tuesday,-0.8590000000000002,3.1456364220933097
24.59000015258789,23.59000015258789,24.350000381469727,23.6200008392334,127409500.0,23.259769439697266,-5.331,2020-10-14,41,2020,14,Wednesday,-0.8590000000000002,3.1456364220933097
24.200000762939453,23.479999542236328,23.59000015258789,24.149999618530273,66832400.0,23.78168487548828,2.244,2020-10-15,41,2020,15,Thursday,-0.8590000000000002,3.1456364220933097
24.350000381469727,23.940000534057617,24.200000762939453,24.239999771118164,58357700.0,23.87031364440918,0.373,2020-10-16,41,2020,16,Friday,-0.8590000000000002,3.1456364220933097
24.31999969482422,23.690000534057617,24.299999237060547,23.719999313354492,51377900.0,23.35824203491211,-2.145,2020-10-19,42,2020,19,Monday,0.5568000000000001,2.119504942197588
24.479999542236328,23.8799991607666,23.889999389648438,24.139999389648438,62476400.0,23.77183723449707,1.771,2020-10-20,42,2020,20,Tuesday,0.5568000000000001,2.119504942197588
24.34000015258789,24.010000228881836,24.219999313354492,24.049999237060547,41564900.0,23.683210372924805,-0.373,2020-10-21,42,2020,21,Wednesday,0.5568000000000001,2.119504942197588
24.90999984741211,24.0,24.049999237060547,24.8700008392334,55402000.0,24.490705490112305,3.41,2020-10-22,42,2020,22,Thursday,0.5568000000000001,2.119504942197588
25.260000228881836,24.709999084472656,25.239999771118164,24.899999618530273,51007400.0,24.520246505737305,0.121,2020-10-23,42,2020,23,Friday,0.5568000000000001,2.119504942197588
24.579999923706055,24.149999618530273,24.469999313354492,24.540000915527344,59450200.0,24.16573715209961,-1.446,2020-10-26,43,2020,26,Monday,-0.9746,1.4437699955325294
24.389999389648438,23.809999465942383,24.290000915527344,23.850000381469727,55009300.0,23.48626136779785,-2.812,2020-10-27,43,2020,27,Tuesday,-0.9746,1.4437699955325294
23.65999984741211,23.1200008392334,23.40999984741211,23.469999313354492,81942500.0,23.1120548248291,-1.593,2020-10-28,43,2020,28,Wednesday,-0.9746,1.4437699955325294
23.75,23.1200008392334,23.360000610351562,23.540000915527344,57490400.0,23.18099021911621,0.298,2020-10-29,43,2020,29,Thursday,-0.9746,1.4437699955325294
23.84000015258789,23.239999771118164,23.489999771118164,23.700000762939453,66453400.0,23.33854866027832,0.68,2020-10-30,43,2020,30,Friday,-0.9746,1.4437699955325294
24.260000228881836,23.469999313354492,23.889999389648438,24.079999923706055,59756400.0,23.712753295898438,1.603,2020-11-02,44,2020,2,Monday,0.5506,3.205989207717331
24.940000534057617,24.510000228881836,24.579999923706055,24.690000534057617,65106200.0,24.313451766967773,2.533,2020-11-03,44,2020,3,Tuesday,0.5506,3.205989207717331
24.139999389648438,23.270000457763672,23.889999389648438,23.68000030517578,88845500.0,23.31885528564453,-4.091,2020-11-04,44,2020,4,Wednesday,0.5506,3.205989207717331
24.790000915527344,23.860000610351562,23.899999618530273,24.610000610351562,74722600.0,24.234670639038086,3.927,2020-11-05,44,2020,5,Thursday,0.5506,3.205989207717331
24.959999084472656,24.229999542236328,24.93000030517578,24.309999465942383,55454500.0,23.939245223999023,-1.219,2020-11-06,44,2020,6,Friday,0.5506,3.205989207717331
28.270000457763672,26.299999237060547,26.600000381469727,27.760000228881836,178378800.0,27.336627960205078,14.192,2020-11-09,45,2020,9,Monday,2.2918000000000003,6.77527539661673
27.760000228881836,27.18000030517578,27.489999771118164,27.65999984741211,77694600.0,27.2381534576416,-0.36,2020-11-10,45,2020,10,Tuesday,2.2918000000000003,6.77527539661673
27.770000457763672,27.1200008392334,27.75,27.34000015258789,48360900.0,26.92303466796875,-1.157,2020-11-11,45,2020,11,Wednesday,2.2918000000000003,6.77527539661673
26.899999618530273,26.309999465942383,26.84000015258789,26.690000534057617,67912600.0,26.282947540283203,-2.377,2020-11-12,45,2020,12,Thursday,2.2918000000000003,6.77527539661673
27.209999084472656,26.760000228881836,26.8799991607666,27.0,52421000.0,26.588218688964844,1.161,2020-11-13,45,2020,13,Friday,2.2918000000000003,6.77527539661673
28.0,27.18000030517578,27.860000610351562,27.579999923706055,57396700.0,27.15937614440918,2.148,2020-11-16,46,2020,16,Monday,-0.13199999999999995,1.5179201230631343
27.600000381469727,27.010000228881836,27.25,27.549999237060547,46402300.0,27.129831314086914,-0.109,2020-11-17,46,2020,17,Tuesday,-0.13199999999999995,1.5179201230631343
27.93000030517578,26.959999084472656,27.6299991607666,26.979999542236328,54416700.0,26.568523406982422,-2.069,2020-11-18,46,2020,18,Wednesday,-0.13199999999999995,1.5179201230631343
27.010000228881836,26.649999618530273,26.93000030517578,26.979999542236328,46423000.0,26.568523406982422,0.0,2020-11-19,46,2020,19,Thursday,-0.13199999999999995,1.5179201230631343
26.950000762939453,26.6299991607666,26.739999771118164,26.809999465942383,40538000.0,26.40111541748047,-0.63,2020-11-20,46,2020,20,Friday,-0.13199999999999995,1.5179201230631343
27.520000457763672,27.059999465942383,27.110000610351562,27.389999389648438,45421200.0,26.972270965576172,2.163,2020-11-23,47,2020,23,Monday,2.00075,2.7333474440692678
28.989999771118164,27.920000076293945,27.93000030517578,28.979999542236328,80387800.0,28.538021087646484,5.805,2020-11-24,47,2020,24,Tuesday,2.00075,2.7333474440692678
29.040000915527344,28.479999542236328,28.709999084472656,29.030000686645508,57249900.0,28.587261199951172,0.173,2020-11-25,47,2020,25,Wednesday,2.00075,2.7333474440692678
29.100000381469727,28.809999465942383,28.969999313354492,28.989999771118164,25971600.0,28.547870635986328,-0.138,2020-11-27,47,2020,27,Friday,2.00075,2.7333474440692678
28.860000610351562,28.100000381469727,28.719999313354492,28.15999984741211,63567900.0,27.730527877807617,-2.863,2020-11-30,48,2020,30,Monday,0.3454,1.9068101111542282
29.040000915527344,28.670000076293945,28.739999771118164,28.690000534057617,50255100.0,28.252445220947266,1.882,2020-12-01,48,2020,1,Tuesday,0.3454,1.9068101111542282
29.18000030517578,28.530000686645508,28.690000534057617,29.059999465942383,45257500.0,28.616802215576172,1.29,2020-12-02,48,2020,2,Wednesday,0.3454,1.9068101111542282
29.100000381469727,28.6299991607666,28.940000534057617,28.90999984741211,54013700.0,28.646528244018555,0.104,2020-12-03,48,2020,3,Thursday,0.3454,1.9068101111542282
29.43000030517578,29.0,29.200000762939453,29.290000915527344,66188200.0,29.0230655670166,1.314,2020-12-04,48,2020,4,Friday,0.3454,1.9068101111542282
29.149999618530273,28.690000534057617,28.899999618530273,29.09000015258789,42197800.0,28.824886322021484,-0.683,2020-12-07,49,2020,7,Monday,-0.4922000000000001,1.0438015616006713
29.149999618530273,28.770000457763672,28.860000610351562,28.93000030517578,33869100.0,28.666345596313477,-0.55,2020-12-08,49,2020,8,Tuesday,-0.4922000000000001,1.0438015616006713
29.25,28.75,29.25,28.799999237060547,54886300.0,28.53753089904785,-0.449,2020-12-09,49,2020,9,Wednesday,-0.4922000000000001,1.0438015616006713
29.1299991607666,28.469999313354492,28.6299991607666,29.110000610351562,58859600.0,28.84470558166504,1.076,2020-12-10,49,2020,10,Thursday,-0.4922000000000001,1.0438015616006713
28.75,28.299999237060547,28.68000030517578,28.56999969482422,40538400.0,28.30962562561035,-1.855,2020-12-11,49,2020,11,Friday,-0.4922000000000001,1.0438015616006713
28.959999084472656,28.139999389648438,28.920000076293945,28.219999313354492,40267100.0,27.962814331054688,-1.225,2020-12-14,50,2020,14,Monday,0.07399999999999998,1.0271251140927282
28.81999969482422,28.25,28.350000381469727,28.639999389648438,43672700.0,28.37898826599121,1.488,2020-12-15,50,2020,15,Tuesday,0.07399999999999998,1.0271251140927282
28.81999969482422,28.440000534057617,28.799999237060547,28.719999313354492,42463200.0,28.45825958251953,0.279,2020-12-16,50,2020,16,Wednesday,0.07399999999999998,1.0271251140927282
28.920000076293945,28.530000686645508,28.709999084472656,28.829999923706055,43182700.0,28.567256927490234,0.383,2020-12-17,50,2020,17,Thursday,0.07399999999999998,1.0271251140927282
29.100000381469727,28.56999969482422,28.889999389648438,28.670000076293945,82817200.0,28.408716201782227,-0.555,2020-12-18,50,2020,18,Friday,0.07399999999999998,1.0271251140927282
29.989999771118164,28.729999542236328,29.100000381469727,29.739999771118164,93397400.0,29.468963623046875,3.732,2020-12-21,51,2020,21,Monday,1.1315000000000002,2.604070851570671
29.780000686645508,29.170000076293945,29.780000686645508,29.209999084472656,39054300.0,28.94379425048828,-1.782,2020-12-22,51,2020,22,Tuesday,1.1315000000000002,2.604070851570671
30.350000381469727,29.329999923706055,29.389999389648438,30.049999237060547,52537200.0,29.776138305664062,2.876,2020-12-23,51,2020,23,Wednesday,1.1315000000000002,2.604070851570671
30.270000457763672,29.739999771118164,30.270000457763672,29.959999084472656,22632300.0,29.68695831298828,-0.3,2020-12-24,51,2020,24,Thursday,1.1315000000000002,2.604070851570671
30.549999237060547,29.989999771118164,30.229999542236328,30.1299991607666,32861200.0,29.855409622192383,0.567,2020-12-28,52,2020,28,Monday,0.2925,0.6732679011111896
30.25,29.93000030517578,30.170000076293945,30.010000228881836,33291900.0,29.73650360107422,-0.398,2020-12-29,52,2020,29,Tuesday,0.2925,0.6732679011111896
30.219999313354492,29.940000534057617,30.0,29.979999542236328,26370100.0,29.706775665283203,-0.1,2020-12-30,52,2020,30,Wednesday,0.2925,0.6732679011111896
30.389999389648438,29.899999618530273,30.010000228881836,30.309999465942383,28716000.0,30.033767700195312,1.101,2020-12-31,52,2020,31,Thursday,0.2925,0.6732679011111896
